"Attribute Name","Numeric Values","From Range","Disabled","Increment","To Range","ID (Item Attribute Values)","Abbreviation (Item Attribute Values)","Attribute Value (Item Attribute Values)"
"TSUS Grade 11 Elective 2 Selection",0,0.0,0,0.0,0.0,"3j5brm7hku","Math","TSUS Grade 11 Mathematics"
"","","","","","","3j5t3nt7k3","Economics","TSUS Grade 11 Economics"
"","","","","","","3j5055pvhd","Political Science","TSUS Grade 11 Political Science"
"","","","","","","5noudcvm49","Biology","TSUS Grade 11 Biology"
"TSUS Grade 11 Elective 1 Selection",0,0.0,0,0.0,0.0,"1igb3rrmha","Computer Science","TSUS Grade 11 Computer Science"
"","","","","","","1igt6g7ln2","Applied Mayh","TSUS Grade 11 Applied Mathematics"
"","","","","","","1igvvu9mrq","Entrepreneurship","TSUS Grade 11 Entrepreneurship"
"","","","","","","1igqapds1k","Informatics Practices","TSUS Grade 11 Informatics Practices"
"","","","","","","6d84di70rh","Psychology","TSUS Grade 11 Psychology"
"","","","","","","6d8p6rce6d","Marketing","TSUS Grade 11 Marketing"
"TSUS Grade 11 Mandate",0,0.0,0,0.0,0.0,"uh5u1kk90i","Mandate","TSUS Grade 11 Mandate"
"TSUS Grade 11 Stream Selection",0,0.0,0,0.0,0.0,"u7copb4r15","Science","TSUS Grade 11 Science"
"","","","","","","u7cnha135o","Commerce","TSUS Grade 11 Commerce"
"","","","","","","u7cvvbs832","Humanities","TSUS Grade 11 Humanities"
"WM JK Grade 8 Language Selection",0,0.0,0,0.0,0.0,"c8g85gks03","Hindi 2nd Lan Kan 3rd Lan","WM JK Grade 8 Hindi 2nd Lan Kan 3rd Lan"
"","","","","","","c8gp7nhbaj","Kannada 2nd Lan Hin 3rd Lan","WM JK Grade 8 Kannada 2nd Lan Hin 3rd Lan"
"","","","","","","dn2bk0l56q","French 2nd Lan Kan 3rd Lan","WM JK Grade 8 French 2nd Lan Kan 3rd Lan"
"","","","","","","fmvafk49l5","Kannada 2nd Lan Fre 3rd Lan","WM JK Grade 8 Kannada 2nd Lan Fre 3rd Lan"
"WM JK Grade 7 Language Selection",0,0.0,0,0.0,0.0,"bg77s3d0jh","Hindi 2nd Lan Kan 3rd Lan","WM JK Grade 7 Hindi 2nd Lan Kan 3rd Lan"
"","","","","","","bg7nln6f7q","Kannada 2nd Lan Hin 3rd Lan","WM JK Grade 7 Kannada 2nd Lan Hin 3rd Lan"
"","","","","","","d8qpl2aa5q","French 2nd Lan Kan 3rd Lan","WM JK Grade 7 French 2nd Lan Kan 3rd Lan"
"","","","","","","g2eausnnmd","Kannada 2nd Lan Fre 3rd Lan","WM JK Grade 7 Kannada 2nd Lan Fre 3rd Lan"
"WM JK Grade 6 Language Selection",0,0.0,0,0.0,0.0,"8pj8gcev1u","Hindi 2nd Lan Kan 3rd Lan","WM JK Grade 6 Hindi 2nd Lan Kan 3rd Lan"
"","","","","","","8pj9hltvqp","Kannada 2nd Lan Hin 3rd Lan","WM JK Grade 6 Kannada 2nd Lan Hin 3rd Lan"
"","","","","","","cr1q60uin5","French 2nd Lan Kan 3rd Lan","WM JK Grade 6 French 2nd Lan Kan 3rd Lan"
"WM JK Grade 5 Language Selection",0,0.0,0,0.0,0.0,"70f5rcdcoc","Hindi 2nd Lan Kan 3rd Lan","WM JK Grade 5 Hindi 2nd Lan Kan 3rd Lan"
"","","","","","","70fqqc0oh8","Kannada 2nd Lan Hin 3rd Lan","WM JK Grade 5 Kannada 2nd Lan Hin 3rd Lan"
"WM JK Grade 4 Language Selection",0,0.0,0,0.0,0.0,"4eaj16r9j0","Hindi 2nd Lan Kan 3rd Lan","WM JK Grade 4 Hindi 2nd Lan Kan 3rd Lan"
"","","","","","","4ead4nmbr8","Kannada 2nd Lan Hin 3rd Lan","WM JK Grade 4 Kannada 2nd Lan Hin 3rd Lan"
"WM JK Grade 3 Language Selection",0,0.0,0,0.0,0.0,"3nhp6a8938","Hindi 2nd Lan Kan 3rd Lan","WM JK Grade 3 Hindi 2nd Lan Kan 3rd Lan"
"","","","","","","3nh7e295f7","Kannada 2nd Lan Hin 3rd Lan","WM JK Grade 3 Kannada 2nd Lan Hin 3rd Lan"
"WM JK Grade 2 Language Selection",0,0.0,0,0.0,0.0,"33ji3qmtud","Hindi 2nd Lan Kan 3rd Lan","WM JK Grade 2 Hindi 2nd Lan Kan 3rd Lan"
"","","","","","","33j8t6nj4l","Kannada 2nd Lan Hin 3rd Lan","WM JK Grade 2 Kannada 2nd Lan Hin 3rd Lan"
"WM JK Grade 1 Language Selection",0,0.0,0,0.0,0.0,"1lvqmatpt7","Hindi 2nd Lan Kan 3rd Lan","WM JK Grade 1 Hindi 2nd Lan Kan 3rd Lan"
"","","","","","","1lvnm6cm6m","Kannada 2nd Lan Hin 3rd Lan","WM JK Grade 1 Kannada 2nd Lan Hin 3rd Lan"
"WM JK Grade UKG Language Selection",0,0.0,0,0.0,0.0,"0ik1u9vhfr","Hindi","WM JK Grade UKG Hindi 2nd Lan"
"","","","","","","0ikt40acls","Kannada","WM JK Grade UKG Kannada 2nd Lan"
"SAS Keesara Grade 10 Lang Variants",0,0.0,0,0.0,0.0,"oc0e4ai53l","Hindi","SAS Keesara Grade 10 Hindi 2nd Lang"
"","","","","","","oc067jtq3d","Telugu","SAS Keesara Grade 10 Telugu 2nd Lang"
"SAS SUCHITRA GRADE 10 LANG VARIANTS",0,0.0,0,0.0,0.0,"m168k5sfku","Hindi","SAS Suchitra Grade 10 Hindi 2nd Lang"
"","","","","","","m16v3jra66","Telugu","SAS Suchitra Grade 10 Telugu 2nd Lang"
"","","","","","","m16ucpfj0i","French","SAS Suchitra Grade 10 French 2nd Lang"
"SAM House Color",0,0.0,0,0.0,0.0,"ia8mtlosu3","A","Kalpana Chawla - RED"
"","","","","","","ia8mrvniv2","B","Vikram Sarabhai - BLUE"
"","","","","","","ia8fjh9rl0","C","Isaac Newton - GREEN"
"","","","","","","ia819d4mbr","D","Galileo Galilei - YELLOW"
"Winmore Whitefield Grade 8 Language Selection",0,0.0,0,0.0,0.0,"t9itt3ihk9","Hindi","Winmore Whitefield Grade 8 Hindi 2nd Lan"
"","","","","","","t9i13bul61","Kannada","Winmore Whitefield Grade 8 Kannada 2nd Lan"
"Winmore Whitefield Grade 7 Language Selection",0,0.0,0,0.0,0.0,"t0ccv742tl","Hindi","Winmore Whitefield Grade 7 Hindi 2nd Lan"
"","","","","","","t0cdbr2gsa","Kannada","Winmore Whitefield Grade 7 Kannada 2nd Lan"
"Winmore Whitefield Grade 6 Language Selection",0,0.0,0,0.0,0.0,"sfh22n7tbu","Hindi","Winmore Whitefield Grade 6 Hindi 2nd Lan"
"","","","","","","sfhrpues6l","Kannada","Winmore Whitefield Grade 6 Kannada 2nd Lan"
"Winmore Whitefield Grade 5 Language Selection",0,0.0,0,0.0,0.0,"s0v2bt2thb","Hindi","Winmore Whitefield Grade 5 Hindi 2nd Lan"
"","","","","","","s0vdv63789","Kannada","Winmore Whitefield Grade 5 Kannada 2nd Lan"
"Winmore Whitefield Grade 4 Language Selection",0,0.0,0,0.0,0.0,"rlp3kp41dm","Hindi","Winmore Whitefield Grade 4 Hindi 2nd Lan"
"","","","","","","rlp4qspqvp","Kannada","Winmore Whitefield Grade 4 Kannada 2nd Lan"
"Winmore Whitefield Grade 3 Language Selection",0,0.0,0,0.0,0.0,"raj44g9h36","Hindi","Winmore Whitefield Grade 3 Hindi 2nd Lan"
"","","","","","","rajkbaksqt","Kannada","Winmore Whitefield Grade 3 Kannada 2nd Lan"
"Winmore Whitefield Grade 2 Language Selection",0,0.0,0,0.0,0.0,"qjti5p1kvr","Hindi","Winmore Whitefield Grade 2 Hindi 2nd Lan"
"","","","","","","qjtmore7k9","Kannada","Winmore Whitefield Grade 2 Kannada 2nd Lan"
"Winmore Whitefield Grade 1 Language Selection",0,0.0,0,0.0,0.0,"q3oeshbf1b","Hindi","Winmore Whitefield Grade 1 Hindi 2nd Lan"
"","","","","","","q3o6j04446","Kannada","Winmore Whitefield Grade 1 Kannada 2nd Lan"
"Winmore Whitefield Grade UKG Language Selection",0,0.0,0,0.0,0.0,"pjapc1irv3","Hindi","Winmore Whitefield Grade UKG Hindi 2nd Lan"
"","","","","","","pjad49a2tc","Kannada","Winmore Whitefield Grade UKG Kannada 2nd Lan"
"Track Skirt Sizes",0,0.0,0,0.0,0.0,"56l8aban1c","20$$","20"
"","","","","","","56l5v86lmg","22$$","22"
"","","","","","","56ld4qdo68","24$$","24"
"","","","","","","56l1tash4o","26$$","26"
"","","","","","","56l32tdkf3","28$$","28"
"","","","","","","56l9dnpbpd","30$$","30"
"","","","","","","56li6irfg5","32$$","32"
"","","","","","","56la84uvsl","34$$","34"
"","","","","","","fqne95nbad","16$$","16"
"","","","","","","fqngc6bpp7","18$$","18"
"WM WF Half Pants Sizes",0,0.0,0,0.0,0.0,"gnqu1p234l","18(10)","18-10"
"","","","","","","gnq0ndgl6f","20(12)","20-12"
"","","","","","","gnqnjlten2","22(12)","22-12"
"","","","","","","gnq519qhd2","22(14)","22-14"
"","","","","","","gnqc54t58m","24(16)","24-16"
"","","","","","","gnqg1juugg","26(16)","26-16"
"","","","","","","gnqfrlt9g3","28(14)","28-14"
"","","","","","","gnqk9micou","28(16)","28-16"
"","","","","","","gnq90f1l35","28(18)","28-18"
"","","","","","","gnqgp8fr59","30(16)","30-16"
"","","","","","","gnqqosjrgt","30(18)","30-18"
"","","","","","","gnq5m81s30","32(16)","32-16"
"SMS Grade 11 Elective Subject",0,0.0,0,0.0,0.0,"vsu2cf3hb8","Computer Science","Computer Science"
"","","","","","","vsufgipdgc","Biology","Biology"
"","","","","","","vsufeenvgm","Entrepreneurship","Entrepreneurship"
"","","","","","","vsuov81m53","Physical Education","Physical Education"
"","","","","","","vsu4m7jeuu","Psychology","Psychology"
"","","","","","","vsuk2t3oim","Mathematics","Mathematics"
"SMS Grade 11 Core Subject",0,0.0,0,0.0,0.0,"o2kpj98lvn","MathematicsPhysicsChemistry","MPC"
"","","","","","","o2k1c9h39c","BiologyPhysicsChemistry","BPC"
"","","","","","","o2k2fcv5vi","Commerce","Commerce"
"","","","","","","utfn1rv71i","HumanitiesEconomics","Humanities & Economics"
"","","","","","","utfukt5lir","HumanitiesEntrepreneurship","Humanities & Entrepreneurship"
"","","","","","","utfb7bbadf","HumanitiesPhysicalEducation","Humanities & Physical Education"
"SMS Grade 11 Mandate",0,0.0,0,0.0,0.0,"na3su694to","Mandate","SMS Grade 11 Mandate"
"Winmore Whitefield Grade 10 Language Selection",0,0.0,0,0.0,0.0,"0f78iq90kl","H","Winmore Whitefield Grade 10 Hindi 2nd lang-Kannada 3rd lang"
"","","","","","","0f7topt7dv","K","Winmore Whitefield Grade 10 Kannada 2nd lang-Hindi 3rd lang"
"Winmore Jakkur Grade 10 Language Selection",0,0.0,0,0.0,0.0,"vksdqnmqbp","F","Winmore Jakkur Grade 10 French 2nd lang-Kannada 3rd lang"
"","","","","","","vkss63diaf","K","Winmore Jakkur Grade 10 Kannada 2nd lang-Hindi 3rd lang"
"","","","","","","vksi3o9ar9","H","Winmore Jakkur Grade 10 Hindi 2nd lang-Kannada 3rd lang"
"SAS Keesara Grade 11 Elective Subject Selection",0,0.0,0,0.0,0.0,"u6q1s88ddb","Informatics Practices","SAS Keesara Grade 11 Informatics Practices"
"","","","","","","u6qpcihcit","Computer Science","SAS Keesara Grade 11 Computer Science"
"","","","","","","u6q0jeu9e7","Physical Education","SAS Keesara Grade 11 Physical Education"
"","","","","","","u6qe37efuc","Biology","SAS Keesara Grade 11 Biology"
"","","","","","","u6qt88ai9s","Psychology","SAS Keesara Grade 11 Psychology"
"","","","","","","u6qj3ft4iv","Entrepreneurship","SAS Keesara Grade 11 Entrepreneurship"
"","","","","","","u6q380jd2b","BioTechnology","SAS Keesara Grade 11 BioTechnology"
"","","","","","","u6q1fjd9vr","Applied Mathematics","SAS Keesara Grade 11 Applied Mathematics"
"","","","","","","u6qvnku35c","Economics","SAS Keesara Grade 11 Economics"
"SAS Suchitra Grade 11 Elective Subject Selection",0,0.0,0,0.0,0.0,"44bje6je6t","Science","SAS Suchitra Grade 11 Computer Science"
"","","","","","","44bikbdi7i","Informatics Practices","SAS Suchitra Grade 11 Informatics Practices"
"","","","","","","44bjvhcq12","Applied Mathematics","SAS Suchitra Grade 11 Applied Mathematics"
"","","","","","","44bq4fl1mq","Physical Education","SAS Suchitra Grade 11 Physical Education"
"","","","","","","44b9pcud0b","Psychology","SAS Suchitra Grade 11 Psychology"
"","","","","","","44bd0oivc8","Entrepreneurship","SAS Suchitra Grade 11 Entrepreneurship"
"","","","","","","44b55oi6b7","Economics","SAS Suchitra Grade 11 Economics"
"","","","","","","44bd8miaui","Biology","SAS Suchitra Grade 11 Biology"
"","","","","","","44bvl7e2q4","BioTechnology","SAS Suchitra Grade 11 BioTechnology"
"","","","","","","44b05c3dm7","Data Science","SAS Suchitra Grade 11 Data Science"
"","","","","","","44bdckjv3q","Marketing","SAS Suchitra Grade 11 Marketing"
"","","","","","","44bd1p2brv","FMM","SAS Suchitra Grade 11 FMM"
"SAS Keesara Grade 11 Mandate Subject",0,0.0,0,0.0,0.0,"1hog4eo6a5","Mandate","SAS Keesara Grade 11 Mandate"
"SAS Suchitra Grade 11 Mandate Subject",0,0.0,0,0.0,0.0,"19hk38qe23","Mandate","SAS Suchitra Grade 11 Mandate"
"SAS Grade 11 Core Subject Selection",0,0.0,0,0.0,0.0,"05179el84p","MathematicsPhysicsChemistry","SAS Grade 11 MPC"
"","","","","","","0519hve2fs","BiologyPhysicsChemistry","SAS Grade 11 BPC"
"","","","","","","0517dbi8dc","Commerce","SAS Grade 11 Commerce"
"","","","","","","051egg3eo8","Humanities","SAS Grade 11 Humanities"
"Winmore Whitefield Grade 9 Language Selection",0,0.0,0,0.0,0.0,"el3nfdf391","Hindi","Winmore Whitefield Grade 9 Hindi 2nd Lan"
"","","","","","","el32g15328","Kannada","Winmore Whitefield Grade 9 Kannada 2nd Lan"
"Winmore Jakkur Grade 9 Language Selection",0,0.0,0,0.0,0.0,"e3jpfji9ci","Hindi","Winmore Jakkur Grade 9 Hindi 2nd Lan"
"","","","","","","e3jsajk9st","Kannada","Winmore Jakkur Grade 9 Kannada 2nd Lan"
"","","","","","","e3juu5scrn","French","Winmore Jakkur Grade 9 French 2nd Lan"
"Waist Coat Sizes",0,0.0,0,0.0,0.0,"qusb1th4k1","24$$","24"
"","","","","","","qusm033bkd","26$$","26"
"","","","","","","qus5ko0bf0","28$$","28"
"","","","","","","quskd9hdp8","30$$","30"
"","","","","","","quseess3o6","32$$","32"
"","","","","","","qusng3i1cm","34$$","34"
"","","","","","","qus7e3364e","36$$","36"
"","","","","","","quss8a7imr","38$$","38"
"","","","","","","qus058fjfa","40$$","40"
"","","","","","","qusp39q3mv","42$$","42"
"","","","","","","qusbp13phv","44$$","44"
"","","","","","","qusca8dtu7","46$$","46"
"SMS Grade 9 Language Selection",0,0.0,0,0.0,0.0,"2urerst341","Hindi 2nd Lan Tel 3rd Lan","SMS Grade 9 Hindi 2nd Lan Tel 3rd Lan"
"","","","","","","2urj5ump50","Telugu 2nd Lan Hin 3rd Lan","SMS Grade 9 Telugu 2nd Lan Hin 3rd Lan"
"SMS Grade 8 Language Selection",0,0.0,0,0.0,0.0,"2ecl9si1kl","Hindi 2nd Lan Tel 3rd Lan","SMS Grade 8 Hindi 2nd Lan Tel 3rd Lan"
"","","","","","","2eceqnvh3r","Telugu 2nd Lan Hin 3rd Lan","SMS Grade 8 Telugu 2nd Lan Hin 3rd Lan"
"SMS Grade 7 Language Selection",0,0.0,0,0.0,0.0,"1qfnk2rrq6","Hindi 2nd Lan Tel 3rd Lan","SMS Grade 7 Hindi 2nd Tel 3rd Lan"
"","","","","","","1qfhinkva3","Telugu 2nd Lan Hin 3rd Lan","SMS Grade 7 Telugu 2nd Lan Hin 3rd Lan"
"SMS Grade 6 Language Selection",0,0.0,0,0.0,0.0,"16d40foi87","Hindi 2nd Lan Tel 3rd Lan","SMS Grade 6 Hindi 2nd Lan Tel 3rd Lan"
"","","","","","","16dcp65gr2","Telugu 2nd Lan Hin 3rd Lan","SMS Grade 6 Telugu 2nd Lan Hin 3rd Lan"
"SMS Grade 5 Language Selection",0,0.0,0,0.0,0.0,"k7npq7tte8","Hindi 2nd Lan Tel 3rd Lan","SMS Grade 5 Hindi 2nd Lan Tel 3rd Lan"
"","","","","","","kgutrbmnjg","Telugu 2nd Lan Hin 3rd Lan","SMS Grade 5 Telugu 2nd Lan Hin 3rd Lan"
"SMS Grade 4 Language Selection",0,0.0,0,0.0,0.0,"js5ani8bfe","Hindi 2nd Lan Tel 3rd Lan","SMS Grade 4 Hindi 2nd Lan Tel 3rd Lan"
"","","","","","","js5arj0p9i","Telugu 2nd Lan Hin 3rd Lan","SMS Grade 4 Telugu 2nd Lan Hin 3rd Lan"
"SMS Grade 3 Language Selection",0,0.0,0,0.0,0.0,"j9sookd81l","Hindi 2nd Lan Tel 3rd Lan","SMS Grade 3 Hindi 2nd Lan Tel 3rd Lan"
"","","","","","","j9s7uc1ro6","Telugu 2nd Lan Hin 3rd Lan","SMS Grade 3 Telugu 2nd Lan Hin 3rd Lan"
"SMS Grade 2 Language Selection",0,0.0,0,0.0,0.0,"ini123l40a","Hindi 2nd Lan Tel 3rd Lan","SMS Grade 2 Hindi 2nd Lan Tel 3rd Lan"
"","","","","","","inio1lfvac","Telugu 2nd Lan Hin 3rd Lan","SMS Grade 2 Telugu 2nd Lan Hin 3rd Lan"
"SAS Keesara Grade 9 Language Selection",0,0.0,0,0.0,0.0,"10j29jmj91","Hindi 2nd Lan Tel 3rd Lan","SAS Keesara Grade 9 Hindi 2nd Lan Tel 3rd Lan"
"","","","","","","10jb3d5q7c","Telugu 2nd Lan Hin 3rd Lan","SAS Keesara Grade 9 Telugu 2nd Lan Hin 3rd Lan"
"SAS Keesara Grade 8 Language Selection",0,0.0,0,0.0,0.0,"05iff5h5jk","Hindi 2nd Lan Tel 3rd Lan","SAS Keesara Grade 8 Hindi 2nd Lan Tel 3rd Lan"
"","","","","","","05if1r9ekm","Telugu 2nd Lan Hin 3rd Lan","SAS Keesara Grade 8 Telugu 2nd Lan Hin 3rd Lan"
"SAS Keesara Grade 7 Language Selection",0,0.0,0,0.0,0.0,"vhr68c167e","Hindi 2nd Lan Tel 3rd Lan","SAS Keesara Grade 7 Hindi 2nd Lan Tel 3rd Lan"
"","","","","","","vhr3caqlum","Telugu 2nd Lan Hin 3rd Lan","SAS Keesara Grade 7 Telugu 2nd Lan Hin 3rd Lan"
"SAS Keesara Grade 6 Language Selection",0,0.0,0,0.0,0.0,"urcuveumrm","Hindi 2nd Lan Tel 3rd Lan","SAS Keesara Grade 6 Hindi 2nd Lan Tel 3rd Lan"
"","","","","","","urcdsdd53g","Telugu 2nd Lan Hin 3rd Lan","SAS Keesara Grade 6 Telugu 2nd Lan Hin 3rd Lan"
"SAS Keesara Grade 5 Language Selection",0,0.0,0,0.0,0.0,"u66lu3ogcj","Hindi 2nd Lan Tel 3rd Lan","SAS Keesara Grade 5 Hindi 2nd Lan Tel 3rd Lan"
"","","","","","","u668f7kg80","Telugu 2nd Lan Hin 3rd Lan","SAS Keesara Grade 5 Telugu 2nd Lan Hin 3rd Lan"
"SAS Keesara Grade 4 Language Selection",0,0.0,0,0.0,0.0,"tfufiq91ni","Hindi 2nd Lan Tel 3rd Lan","SAS Keesara Grade 4 Hindi 2nd Lan Tel 3rd Lan"
"","","","","","","tfum8o0mvk","Telugu 2nd Lan Hin 3rd Lan","SAS Keesara Grade 4 Telugu 2nd Lan Hin 3rd Lan"
"SAS Keesara Grade 3 Language Selection",0,0.0,0,0.0,0.0,"ssckr0j364","Hindi 2nd Lan Tel 3rd Lan","SAS Keesara Grade 3 Hindi 2nd Lan Tel 3rd Lan"
"","","","","","","ssc0hinm6p","Telugu 2nd Lan Hin 3rd Lan","SAS Keesara Grade 3 Telugu 2nd Lan Hin 3rd Lan"
"SAS Keesara Grade 2 Language Selection",0,0.0,0,0.0,0.0,"s2qvtjrcts","Hindi 2nd Lan Tel 3rd Lan","SAS Keesara Grade 2 Hindi 2nd Lan Tel 3rd Lan"
"","","","","","","s2qlv2k934","Telugu 2nd Lan Hin 3rd Lan","SAS Keesara Grade 2 Telugu 2nd Lan Hin 3rd Lan"
"SAS Suchitra Grade 9 Language Selection",0,0.0,0,0.0,0.0,"r3umup8tgd","Hindi 2nd Lan Tel 3rd Lan","SAS Suchitra Grade 9 Hindi 2nd Lan Tel 3rd Lan"
"","","","","","","r3uc6ok1nt","Telugu 2nd Lan Hin 3rd Lan","SAS Suchitra Grade 9 Telugu 2nd Lan Hin 3rd Lan"
"","","","","","","r3ud8vi4ot","French 2nd Lan Tel 3rd Lan","SAS Suchitra Grade 9 French 2nd Lan Tel 3rd Lan"
"SAS Suchitra Grade 8 Language Selection",0,0.0,0,0.0,0.0,"q0m06re01e","Hindi 2nd Lan Tel 3rd Lan","SAS Suchitra Grade 8 Hindi 2nd Lan Tel 3rd Lan"
"","","","","","","q0mmpibq6s","Telugu 2nd Lan Hin 3rd Lan","SAS Suchitra Grade 8 Telugu 2nd Lan Hin 3rd Lan"
"","","","","","","q0mumfmtbs","French 2nd Lan Tel 3rd Lan","SAS Suchitra Grade 8 French 2nd Lan Tel 3rd Lan"
"SAS Suchitra Grade 7 Language Selection",0,0.0,0,0.0,0.0,"olltdhune7","Hindi 2nd Lan Tel 3rd Lan","SAS Suchitra Grade 7 Hindi 2nd Lan Tel 3rd Lan"
"","","","","","","ollc56unjm","Telugu 2nd Lan Hin 3rd Lan","SAS Suchitra Grade 7 Telugu 2nd Lan Hin 3rd Lan"
"","","","","","","ollbdav3cs","French 2nd Lan Tel 3rd Lan","SAS Suchitra Grade 7 French 2nd Lan Tel 3rd Lan"
"SAS Suchitra Grade 6 Language Selection",0,0.0,0,0.0,0.0,"nkgi338fct","Hindi 2nd Lan Tel 3rd Lan","SAS Suchitra Grade 6 Hindi 2nd Lan Tel 3rd Lan"
"","","","","","","nkgbn5csp9","Telugu 2nd Lan Hin 3rd Lan","SAS Suchitra Grade 6 Telugu 2nd Lan Hin 3rd Lan"
"","","","","","","or2hghvm5o","French 2nd Lan Tel 3rd Lan","SAS Suchitra Grade 6 French 2nd Lan Tel 3rd Lan"
"SAS Suchitra Grade 5 Language Selection",0,0.0,0,0.0,0.0,"mjioevibvh","Hindi 2nd Lan Tel 3rd Lan","SAS Suchitra Grade 5 Hindi 2nd Lan Tel 3rd Lan"
"","","","","","","mjil8pet2c","Telugu 2nd Lan Hin 3rd Lan","SAS Suchitra Grade 5 Telugu 2nd Lan Hin 3rd Lan"
"","","","","","","p1pdgf7dc9","French 2nd Lan Tel 3rd Lan","SAS Suchitra Grade 5 French 2nd Lan Tel 3rd Lan"
"SAS Suchitra Grade 4 Language Selection",0,0.0,0,0.0,0.0,"lhnkhffq44","Hindi 2nd Lan Tel 3rd Lan","SAS Suchitra Grade 4 Hindi 2nd Lan Tel 3rd Lan"
"","","","","","","lhnblr3ju9","Telugu 2nd Lan Hin 3rd Lan","SAS Suchitra Grade 4 Telugu 2nd Lan Hin 3rd Lan"
"SAS Suchitra Grade 3 Language Selection",0,0.0,0,0.0,0.0,"jo1quskr0h","Hindi 2nd Lan Tel 3rd Lan","SAS Suchitra Grade 3 Hindi 2nd Lan Tel 3rd Lan"
"","","","","","","jo15hh2jul","Telugu 2nd Lan Hin 3rd Lan","SAS Suchitra Grade 3 Telugu 2nd Lan Hin 3rd Lan"
"SAS Suchitra Grade 2 Language Selection",0,0.0,0,0.0,0.0,"hmp9qbuj90","Hindi 2nd Lan Tel 3rd Lan","SAS Suchitra Grade 2 Hindi 2nd Lan Tel 3rd Lan"
"","","","","","","hmpvm3k1up","Telugu 2nd Lan Hin 3rd Lan","SAS Suchitra Grade 2 Telugu 2nd Lan Hin 3rd Lan"
"SAS Keesara Grade 1 Language Selection",0,0.0,0,0.0,0.0,"8okg0c0hdu","Hindi 2nd Lan Tel 3rd Lan","SAS Keesara Grade 1 Hindi 2nd Lan Tel 3rd Lan"
"","","","","","","8okju6ie3k","Telugu 2nd Lan Hin 3rd Lan","SAS Keesara Grade 1 Telugu 2nd Lan Hin 3rd Lan"
"SAS Suchitra Grade 1 Language Selection",0,0.0,0,0.0,0.0,"88feke9q06","Hindi 2nd Lan Tel 3rd Lan","SAS Suchitra Grade 1 Hindi 2nd Lan Tel 3rd Lan"
"","","","","","","88fkv5n5si","Telugu 2nd Lan Hin 3rd Lan","SAS Suchitra Grade 1 Telugu 2nd Lan Hin 3rd Lan"
"SAS Keesara Grade UKG Language Selection",0,0.0,0,0.0,0.0,"7lqv7hnr47","Hindi","SAS Keesara Grade UKG Hindi 2nd Lan"
"","","","","","","7lq2net2b2","Telugu","SAS Keesara Grade UKG Telugu 2nd Lan"
"SAS Suchitra Grade UKG Language Selection",0,0.0,0,0.0,0.0,"77ghi64j1r","Hindi","SAS Suchitra Grade UKG Hindi 2nd Lan"
"","","","","","","77gatae5o1","Telugu","SAS Suchitra Grade UKG Telugu 2nd Lan"
"SMS Grade 1 Language Selection",0,0.0,0,0.0,0.0,"p07ummcg16","Hindi 2nd Lan Tel 3rd Lan","SMS Grade 1 Hindi 2nd Lan Telugu 3rd Lan"
"","","","","","","p072ghmjfp","Telugu 2nd Lan Hin 3rd Lan","SMS Grade 1 Telugu 2nd Lan"
"SMS Grade UKG Language Selection",0,0.0,0,0.0,0.0,"o9vca4vurr","Hindi","SMS Grade UKG Hindi 2nd Lan"
"","","","","","","o9vsh2s08q","Telugu","SMS Grade UKG Telugu 2nd Lan"
"CAS NIBM CBSE Grade 9 Stream Selection",0,0.0,0,0.0,0.0,"ojb4o0jsrv","AI","AI Stream"
"","","","","","","ojbpvgsbfp","Painting","Painting Stream"
"","","","","","","ojbnsg3mvq","FM","FM Stream"
"CAS LR CBSE Grade 9 Stream Selection",0,0.0,0,0.0,0.0,"o7u9v8gu8u","AI","AI Strem"
"","","","","","","o7uhgsac9r","Painting","Painting Stream"
"","","","","","","o7u3acvr7s","FM","FM Stream"
"CAS NIBM CIE Grade 8 Language Selection",0,0.0,0,0.0,0.0,"srshmftjmo","Hindi","CAS NIBM CIE Grade 8 Hindi 2nd Lan"
"","","","","","","srsa24jpre","French","CAS NIBM CIE Grade 8 French 2nd Lan"
"CAS NIBM CIE Grade 7 Language Selection",0,0.0,0,0.0,0.0,"sb2ue38sp0","Hindi","CAS NIBM CIE Grade 7 Hindi 2nd Lan"
"","","","","","","sb28l295m6","French","CAS NIBM CIE Grade 7 French 2nd Lan"
"CAS NIBM CIE Grade 6 Language Selection",0,0.0,0,0.0,0.0,"ru2nuakq8d","Hindi","CAS NIBM CIE Grade 6 Hindi 2nd Lan"
"","","","","","","ru234u4qaf","French","CAS NIBM CIE Grade 6 French 2nd Lan"
"CAS NIBM CIE Grade 5 Language Selection",0,0.0,0,0.0,0.0,"rd20hck9f8","Hindi","CAS NIBM CIE Grade 5 Hindi 2nd Lan"
"","","","","","","h378ufnait","French","CAS NIBM CIE Grade 5 French 2nd Lan"
"CAS LR CIE Grade 8 Language Selection",0,0.0,0,0.0,0.0,"qsb3h4ld2q","Hindi","CAS LR CIE Grade 8 Hindi 2nd Lan"
"","","","","","","qsbc6s0hca","French","CAS LR CIE Grade 8 French 2nd Lan"
"CAS LR CIE Grade 7 Language Selection",0,0.0,0,0.0,0.0,"qb8ie4249f","Hindi","CAS LR CIE Grade 7 Hindi 2nd Lan"
"","","","","","","qb877v1u9v","French","CAS LR CIE Grade 7 French 2nd Lan"
"CAS LR CIE Grade 6 Language Selection",0,0.0,0,0.0,0.0,"pv9gia1hjd","Hindi","CAS LR CIE Grade 6 Hindi 2nd Lan"
"","","","","","","pv9911hs9i","French","CAS LR CIE Grade 6 French 2nd Lan"
"CAS LR CIE Grade 5 Language Selection",0,0.0,0,0.0,0.0,"oj7mp7d9ns","Hindi","CAS LR CIE Grade 5 Hindi 2nd Lan"
"","","","","","","oj7dcn3ieh","French","CAS LR CIE Grade 5 French 2nd Lan"
"CAS NIBM CBSE Grade 8 Language Selection",0,0.0,0,0.0,0.0,"tj723c3hds","Hindi","CAS NIBM CBSE Grade 8 Hindi 2nd Lan"
"","","","","","","tj7ptu90oi","French","CAS NIBM CBSE Grade 8 French 2nd Lan"
"CAS LR CBSE Grade 8 Language Selection",0,0.0,0,0.0,0.0,"t33muo29r3","Hindi","CAS LR CBSE Grade 8 Hindi 2nd Lan"
"","","","","","","t332k2fbar","French","CAS LR CBSE Grade 8 French 2nd Lan"
"CAS NIBM CBSE Grade 7 Language Selection",0,0.0,0,0.0,0.0,"slpvd4fasi","Hindi","CAS NIBM CBSE Grade 7 Hindi 2nd Lan"
"","","","","","","slpkn92kq3","French","CAS NIBM CBSE Grade 7 French 2nd Lan"
"CAS LR CBSE Grade 7 Language Selection",0,0.0,0,0.0,0.0,"s75bgjpp0p","Hindi","CAS LR CBSE Grade 7 Hindi 2nd Lan"
"","","","","","","s75u0ir78p","French","CAS LR CBSE Grade 7 French 2nd Lan"
"CAS NIBM CBSE Grade 6 Language Selection",0,0.0,0,0.0,0.0,"rp2cpaknad","Hindi","CAS NIBM CBSE Grade 6 Hindi 2nd Lan"
"","","","","","","rp2af7cbpg","French","CAS NIBM CBSE Grade 6 French 2nd Lan"
"CAS NIBM CBSE Grade 5 Language Selection",0,0.0,0,0.0,0.0,"rcat6i276f","Hindi","CAS NIBM CBSE Grade 5 Hindi 2nd Lan"
"CAS LR CBSE Grade 6 Language Selection",0,0.0,0,0.0,0.0,"qo9lm8hncd","Hindi","CAS LR CBSE Grade 6 Hindi 2nd Lan"
"","","","","","","qo9kqjssds","French","CAS LR CBSE Grade 6 French 2nd Lan"
"CAS LR CBSE Grade 5 Language Selection",0,0.0,0,0.0,0.0,"8o9kgpkrkd","Hindi","CAS LR CBSE Grade 5 Hindi 2nd Lan"
"","","","","","","8o9b8dqnsp","French","CAS LR CBSE Grade 5 French 2nd Lan"
"SAS BP UNIFORM COLOURS",0,0.0,0,0.0,0.0,"ks8g2jjo0r","BL","Sapphire knights - BLUE"
"","","","","","","ks8niau7ab","YL","Topaz Vikings- YELLOW"
"","","","","","","ks86iru1tm","RE","Ruby Spartans - RED"
"","","","","","","ks8b7bu6iq","GR","Emarald Gladiators- Green"
"Bloomers Sizes",0,0.0,0,0.0,0.0,"bd8n0upc6r","55$$","55"
"","","","","","","bd8nqfqbbv","65$$","65"
"","","","","","","bd8mq17cmo","75$$","75"
"","","","","","","bd8abb7hte","80$$","80"
"","","","","","","bd8bt0v76k","85$$","85"
"","","","","","","bd8ks31qkq","90$$","90"
"","","","","","","bd8k26srdv","95$$","95"
"","","","","","","bd8d1ugmbb","100$","100"
"","","","","","","bd8t3o8uto","110$","110"
"","","","","","","8t5u08s3vs","60$$","60"
"","","","","","","9hv9cqe5pm","70$$","70"
"LANGUAGE SELECTION",0,0.0,0,0.0,0.0,"jpf32goo1n","TELU","TELUGU 2ND LAN"
"","","","","","","jpfju70ug4","HIND","HINDI 2ND LAN TELUGU 3RD LAN"
"WM JK SHOE SIZE",0,0.0,0,0.0,0.0,"bulk31lama","11S$","11S"
"","","","","","","bul7ea145k","4UK$","4UK"
"","","","","","","bulne25mce","5UK$","5UK"
"","","","","","","bulu6ng950","6UK$","6UK"
"","","","","","","bul7fjsqto","8UK$","8UK"
"","","","","","","bulhmmsugv","9UK$","9UK"
"","","","","","","bulr0lhbtj","10UK$","10UK"
"","","","","","","1id14liimh","1UK$","1UK"
"","","","","","","1idtmqg7ub","2UK$","2UK"
"","","","","","","1idehi9cqf","3UK$","3UK"
"","","","","","","1idddjnuv0","7UK$","7UK"
"","","","","","","1ids0os7oe","11UK$","11UK"
"WM WF SHOE SIZE",0,0.0,0,0.0,0.0,"29nd6l8rbr","11S$","11 S"
"","","","","","","29ni6j1eau","4UK$","4 UK"
"","","","","","","29nqog7524","5UK$","5 UK"
"","","","","","","29nc4t90f6","6UK$","6 UK"
"","","","","","","29nfr0va86","8UK$","8 UK"
"","","","","","","29nfmngg5d","9UK$","9 UK"
"","","","","","","29np64stat","10UK$","10 UK"
"WM Skirt Sizes",0,0.0,0,0.0,0.0,"kv9f2visgk","20-12","20-12"
"","","","","","","kv9rnod38t","22-14","22-14"
"","","","","","","kv9qhb5qa3","24-14","24-14"
"","","","","","","kv9rtkf0mm","24-16","24-16"
"","","","","","","kv9esb9bgh","24-18","24-18"
"","","","","","","kv98mihpkp","26-16","26-16"
"","","","","","","kv9kmhaoi9","26-18","26-18"
"","","","","","","kv9qbmv8jj","26-20","26-20"
"","","","","","","kv9vk25b22","26-22","26-22"
"","","","","","","kv9uk3qka8","28-14","28-14"
"","","","","","","kv9ea0ssqc","28-16","28-16"
"","","","","","","kv9ac0utv1","28-18","28-18"
"","","","","","","kv9s31h48p","28-20","28-20"
"","","","","","","kv938to8ce","28-22","28-22"
"","","","","","","kv95h80lst","30-16","30-16"
"","","","","","","kv9me7c07e","30-18","30-18"
"","","","","","","kv9629jg8c","30-20","30-20"
"","","","","","","kv98d3gfq9","30-22","30-22"
"","","","","","","kv90rbl07m","30-24","30-24"
"","","","","","","kv92it88cn","30-26","30-26"
"","","","","","","kv9jbgah3r","32-18","32-18"
"","","","","","","kv971h7jr5","32-20","32-20"
"","","","","","","kv9u7oc8oo","32-22","32-22"
"","","","","","","kv9n16tp6j","32-24","32-24"
"","","","","","","kv93jsbvf0","32-26","32-26"
"","","","","","","kv9t1pqgif","34-16","34-16"
"","","","","","","kv9mga628e","34-18","34-18"
"","","","","","","kv9khhcu83","34-20","34-20"
"","","","","","","kv9dk3c8gr","34-22","34-22"
"","","","","","","kv9avoj1ku","34-24","34-24"
"","","","","","","kv9dpebmbg","34-26","34-26"
"","","","","","","kv9tsj7ivu","36-20","36-20"
"","","","","","","kv9mi8dchr","36-22","36-22"
"","","","","","","kv94vufsbn","36-24","36-24"
"","","","","","","kv9q3gktkj","36-26","36-26"
"Track Shorts Sizes",0,0.0,0,0.0,0.0,"3kd1npqmfo","16$$","16"
"","","","","","","3kdij7nqm1","18$$","18"
"","","","","","","3kd4d9121q","20$$","20"
"","","","","","","3kd6jd4jo4","22$$","22"
"","","","","","","3kdol0tr2j","24$$","24"
"","","","","","","3kd677f2fn","26$$","26"
"","","","","","","3kdu2q8kpa","28$$","28"
"","","","","","","3kd7j9lufe","30$$","30"
"","","","","","","3kdam9m65c","32$$","32"
"","","","","","","3kdpeobajp","34$$","34"
"","","","","","","3kdjagum4h","36$$","36"
"","","","","","","3kd8f1dl8r","38$$","38"
"","","","","","","3kdovrhjdh","40$$","40"
"","","","","","","3kddpvimgc","42$$","42"
"","","","","","","3kdqik15c1","44$$","44"
"","","","","","","3kdqnep6hm","46$$","46"
"","","","","","","1mijdcs9n7","14$$","14"
"Tie Sizes",0,0.0,0,0.0,0.0,"ubhehhdvli","12$$","12"
"","","","","","","ubhfndlg4b","14$$","14"
"","","","","","","ubh454t6v6","16$$","16"
"","","","","","","ubhu2mb6hu","18$$","18"
"","","","","","","ubh63omus6","20$$","20"
"Blazer Sizes",0,0.0,0,0.0,0.0,"dikh46dvre","22$$","22"
"","","","","","","diku3nsths","24$$","24"
"","","","","","","dik0kk10t7","26$$","26"
"","","","","","","dik8r14ddk","28$$","28"
"","","","","","","dik4u3jfat","30$$","30"
"","","","","","","dik4ti2jhi","32$$","32"
"","","","","","","dikdsisd29","34$$","34"
"","","","","","","dik8pkgs6m","36$$","36"
"","","","","","","diksdtctpl","38$$","38"
"","","","","","","dikjkglubo","40$$","40"
"","","","","","","dik4ocqr1b","42$$","42"
"","","","","","","dik5pou0qh","44$$","44"
"","","","","","","dikfmpcema","46$$","46"
"","","","","","","diksdiovhf","50$$","50"
"QLS Sports Color",0,0.0,0,0.0,0.0,"p9fbtksb29","A","Alpha (Red)"
"","","","","","","p9fah04qad","B","Beta (Blue)"
"","","","","","","p9fee558ip","C","Delta (Green)"
"","","","","","","p9fc055jcp","D","Gamma (Yellow)"
"Uniform Colors",0,0.0,0,0.0,0.0,"1g5lrmb63n","N","Teal"
"","","","","","","1g5eb5quo1","D","Yellow"
"","","","","","","1g57ej6r11","J","White"
"","","","","","","1g5tu7hl5i","M","Navy"
"","","","","","","1g596f0992","K","Grey"
"","","","","","","1g5i0eldk2","B","BLUE"
"","","","","","","mergjjkumf","L","Maroon"
"","","","","","","nrkidptug5","F","Purple"
"","","","","","","ora3ei4rbo","A","Red"
"","","","","","","orafvcll66","C","Green"
"","","","","","","62e4i61g18","I","Black"
"","","","","","","jeiiletomi","E","Orange"
"","","","","","","jeic49n1c9","G","Pink"
"","","","","","","jei64tkj0f","H","Brown"
"","","","","","","jeiood1orr","Q","Beige"
"","","","","","","jeiit16bk7","R","Turquoise"
"","","","","","","jei32i0fm3","V","Off White"
"","","","","","","jeijmvqibs","W","Mint"
"Shoes Color",0,0.0,0,0.0,0.0,"jb20qfksjb","I","Black"
"","","","","","","jb21pnstcd","J","White"
"WM JK Grade 10 Magic Box Books",0,0.0,0,0.0,0.0,"0s65shlc8c","WMJK G10 FRE","Winmore Jakkur Grade 10 French 2nd lang-Kannada 3rd lang"
"","","","","","","0s6s2o3837","WMJK G10 KANN","Winmore Jakkur Grade 10 Kannada 2nd lang-Hindi 3rd lang"
"","","","","","","0s62iq64g4","WMJK G10 HIN","Winmore Jakkur Grade 10 Hindi 2nd lang-Kannada 3rd lang"
"Belt Color",0,0.0,0,0.0,0.0,"mhpdh8se24","I","Black"
"","","","","","","mhpciharm0","M","Navy"
"","","","","","","mhp0p0kn7c","L","Maroon"
"","","","","","","mhpdg892bt","C","Green"
"Bag Color",0,0.0,0,0.0,0.0,"gq1bper7r1","A","Red"
"","","","","","","gq1srud4up","M","Navy"
"","","","","","","m44l14ahlc","U","Unicharm"
"","","","","","","m44csj7ijo","S","Seacharm"
"","","","","","","m44dlmgvd8","D","Dinocharm"
"","","","","","","m44v7rrsbs","G","Gamecharm"
"","","","","","","ttiiedtv6e","T","Dreamy Unicorn Turquoise"
"","","","","","","ttisi7sku3","Y","Dreamy UnicornYellow"
"","","","","","","ttiulr25pu","N","Dreamy Unicorn Navy blue "
"","","","","","","ttih8thc0i","B","Dreamy Unicorn Black"
"","","","","","","v41k4ekjss","P","Pink Paradise Purple"
"","","","","","","v41n29d69u","YE","Pink Paradise Yellow "
"","","","","","","v4136cskh4","NB","Pink Paradise Navy Blue"
"","","","","","","2ok2shsq51","SANB","Space Adventure Navy Blue "
"","","","","","","2ok1veqlou","SASB","Space Adventure Skyblue "
"","","","","","","2ok6jkqvoi","SBM","Space Adventure Megenta "
"","","","","","","2ok4l2dosg","SAB","Space Adventure Black"
"","","","","","","2oku5h01o3","RRNB","Racing Rex Navy Blue "
"","","","","","","2okt0rhkte","RRG","Racing Rex Green "
"","","","","","","2okhro86gh","RRSB"," Racing Rex Skyblue "
"","","","","","","2okbp955h8","RRB","Racing Rex Black"
"","","","","","","4qv9g2atq0","GT","GlobeTech"
"","","","","","","4qvtppfsn4","CN","Cosmic Navigator"
"","","","","","","4qv7b8jrjt","CC","Crimson Classic"
"","","","","","","4qv99f70pn","RM","RockMode"
"","","","","","","4qvnb7k964","TC","ThunderCharge"
"","","","","","","4qvios9bep","CP","Crimson Prestige"
"Hoodie Sizes",0,0.0,0,0.0,0.0,"b5car397rr","22$$","22"
"","","","","","","b5cuuhgihn","24$$","24"
"","","","","","","b5cj8ckipp","26$$","26"
"","","","","","","b5cbs3duo2","28$$","28"
"","","","","","","b5cmmut1ho","30$$","30"
"","","","","","","b5cb4c2nbu","32$$","32"
"","","","","","","b5cv685ac3","34$$","34"
"","","","","","","b5c0mi2f78","36$$","36"
"","","","","","","b5cfpb3vgu","38$$","38"
"","","","","","","b5c101581h","40$$","40"
"","","","","","","b5co06jk1o","42$$","42"
"","","","","","","b5c0s7ujlm","44$$","44"
"","","","","","","b5c3g4rmlo","46$$","46"
"","","","","","","b5cqiqfm70","48$$","48"
"","","","","","","b5ckte3tlg","50$$","50"
"","","","","","","b5c7qrta3o","52$$","52"
"","","","","","","b5csh6r6vo","54$$","54"
"","","","","","","b5c5lnu69l","56$$","56"
"","","","","","","b5cceue23t","58$$","58"
"","","","","","","b5cu97qcep","20$$","20"
"Hoodie Color",0,0.0,0,0.0,0.0,"8k5ssdqj0l","M","Navy"
"","","","","","","8k5p61gf17","L","Maroon"
"Caps Sizes",0,0.0,0,0.0,0.0,"3f73t2h3f9","1$$$","1"
"","","","","","","3f7ipn2ks7","2$$$","2"
"","","","","","","3f77bd0dfs","3$$$","3"
"","","","","","","3f7mgqrd5j","4$$$","4"
"Caps Color",0,0.0,0,0.0,0.0,"2cq3lp5r6j","M","Navy"
"","","","","","","2cqskeboum","A","Red"
"","","","","","","2cqtqq67mt","C","Green"
"","","","","","","2cq4keiba1","K","Grey"
"Regular Socks Color",0,0.0,0,0.0,0.0,"49g2biqisc","M","Navy"
"","","","","","","49grnhj3s0","J","White"
"","","","","","","49g7ulp5or","K","Grey"
"","","","","","","49g4ngfjvf","C","Green"
"","","","","","","49g9v42eb1","I","Black"
"Sports Socks Color",0,0.0,0,0.0,0.0,"0geiua8log","A","Red"
"","","","","","","0gek2vfeao","B","Blue"
"","","","","","","0ge64qgqr9","C","Green"
"","","","","","","0ge7b7fj5g","D","Yellow"
"Sports Track Color",0,0.0,0,0.0,0.0,"eii3kp9k07","A","Red"
"","","","","","","eiihnokmrp","B","Blue"
"","","","","","","eiits4jvvf","C","Green"
"","","","","","","eii7ilnl8a","D","Yellow"
"","","","","","","eiicaaoif5","M","Navy"
"","","","","","","eiilhpr3n2","I","Black"
"WM JK Pants Color",0,0.0,0,0.0,0.0,"uvpvbthd7d","M","Navy"
"Maroon Polo Color",0,0.0,0,0.0,0.0,"na8bb53ehj","L","Maroon"
"Sports Color",0,0.0,0,0.0,0.0,"24t6ft4v43","A","Red"
"","","","","","","24tmh4t930","B","Blue"
"","","","","","","24tgt41989","C","Green"
"","","","","","","24tov13s0h","D","Yellow"
"SMS Maroon T-Shirt Color",0,0.0,0,0.0,0.0,"jkv27mkfsi","L","Maroon"
"SMS 9-10 Skirt Color",0,0.0,0,0.0,0.0,"elsqh2ht7u","M","Navy"
"SMS 9-10 Skirt Sizes",0,0.0,0,0.0,0.0,"d55nr422on","30$$","30"
"","","","","","","d55npsi6nm","32$$","32"
"","","","","","","d55je9pqsi","34$$","34"
"","","","","","","d55kelmid4","36$$","36"
"","","","","","","d55mdevv0s","38$$","38"
"","","","","","","d557fibeji","40$$","40"
"","","","","","","d55uv6o2bo","42$$","42"
"","","","","","","d55ai4gbb4","44$$","44"
"","","","","","","d5558jimg1","46$$","46"
"SMS 9-10 Shirt Color",0,0.0,0,0.0,0.0,"1hmm3ulr1u","V","Off White"
"SMS Full Pant Color",0,0.0,0,0.0,0.0,"pukbqc2pgo","M","Navy"
"SMS Pri Skort Color",0,0.0,0,0.0,0.0,"qc6ku9hu6q","M","Navy"
"SMS Mint T-shirt Color",0,0.0,0,0.0,0.0,"v2dm4r2i2c","W","Mint"
"SMS PP Shirt color",0,0.0,0,0.0,0.0,"69f5p3ub7b","J","White "
"SMS PP HP COLOR",0,0.0,0,0.0,0.0,"5bp31en5fg","A","RED"
"Frock Sizes",0,0.0,0,0.0,0.0,"5os1grjeeb","18$$","18"
"","","","","","","5osmvhjdac","20$$","20"
"","","","","","","5oseriphi6","22$$","22"
"","","","","","","5osefa40vk","24$$","24"
"","","","","","","5oskmq5dmb","26$$","26"
"","","","","","","5osds0patd","28$$","28"
"","","","","","","5osnip6ccg","30$$","30"
"","","","","","","5os5c0noh1","32$$","32"
"","","","","","","5os03a6gcv","34$$","34"
"","","","","","","5osvp73pe3","36$$","36"
"","","","","","","5osocadjk7","38$$","38"
"","","","","","","5osjk86ev7","40$$","40"
"","","","","","","5osappso1k","42$$","42"
"","","","","","","5osahp6arc","44$$","44"
"","","","","","","5osvbfopfp","46$$","46"
"","","","","","","5os5ssfemu","48$$","48"
"SMS PP FROCK",0,0.0,0,0.0,0.0,"chd6tu0143","J","White"
"BOOKMARK STYLES",0,0.0,0,0.0,0.0,"8voff41lpb","Good vibes","Good vibes"
"","","","","","","8vohru88pc","Keep Reading ","Keep Reading "
"WATER BOTTLE MODELS",0,0.0,0,0.0,0.0,"76dfbu097c","Deer horns Gold","Deer horns Gold"
"","","","","","","76d7cd8smf","Deer horns Dark Blue","Deer horns Dark Blue"
"","","","","","","76d48cclog","Deer horns Dark Green","Deer horns Dark Green"
"","","","","","","76dc1tqlvm","Deer horns Light Blue","Deer horns Light Blue"
"","","","","","","76d54qff4i","Deer horns Light Green","Deer horns Light Green"
"","","","","","","76dhgnsffo","Deer horns White","Deer horns White"
"","","","","","","76duhua1ua","Smart Vaccum Green and pink","Smart Vaccum Green and pink"
"","","","","","","76dr82c7pi","Smart Vaccum Blue and Pink","Smart Vaccum Blue and Pink"
"","","","","","","76dq7robiu","Urban Matt staniless steel Dark blue ","Urban Matt staniless steel Dark blue "
"","","","","","","76dijb2cdn","Urban Matt staniless steel Grey","Urban Matt staniless steel Grey"
"","","","","","","76d66anv83","Urban Matt staniless steel White","Urban Matt staniless steel White"
"","","","","","","76d0lv8740","Urban Matt staniless steel Purple","Urban Matt staniless steel Purple"
"","","","","","","76dago7i5t","Urban Matt staniless steel Dark Pink","Urban Matt staniless steel Dark Pink"
"","","","","","","76d1ikcqtr","Urban Matt staniless steel Light Pink","Urban Matt staniless steel Light Pink"
"","","","","","","76do7j9g0v","Cloud stiper Pink ","Cloud stiper Pink "
"","","","","","","76dgk4sbv0","Cloud stiper Purple","Cloud stiper Purple"
"","","","","","","76d4ua3uov","Cloud stiper Brown","Cloud stiper Brown"
"","","","","","","76dll7em3d","Cloud stiper Green","Cloud stiper Green"
"","","","","","","76ds7m4mmo","Dual Sippers Dino","Dual Sippers Dino"
"","","","","","","76dfqv25tj","Dual Sippers Bunny","Dual Sippers Bunny"
"","","","","","","76d6hj28tj","Dual Sippers Unicorn","Dual Sippers Unicorn"
"","","","","","","76dps6rueb","Dual Sippers Bear","Dual Sippers Bear"
"CRIMSON BAG DESIGN",0,0.0,0,0.0,0.0,"187d3kg44d","Space adventure (Black)","Space adventure (Black) M"
"","","","","","","187b5280uv","Space adventure(Blue) M","Space adventure(Blue) M"
"","","","","","","1871etcshm","Space adventure(Megenta) M","Space adventure(Megenta) M"
"","","","","","","187n7ackdt","Dreamy unicorn (Black) M","Dreamy unicorn (Black) M"
"","","","","","","187d08hpht","Pink paradise (Navy blue ) M","Pink paradise (Navy blue ) M"
"","","","","","","187i8ssapp","Space adventure (Sky blue ) M","Space adventure (Sky blue ) M"
"","","","","","","187o7vllq5","Dreamy unicorn (turqoise) M","Dreamy unicorn (turqoise) M"
"","","","","","","1876a3vqev","Pink paradise (Black ) M","Pink paradise (Black ) M"
"","","","","","","1874rbr9p3","Unicharm S","Unicharm S"
"","","","","","","187g556psf","Sea charm S","Sea charm S"
"","","","","","","187ao5j6na","DinoCharm S","DinoCharm S"
"","","","","","","187vp1hv3t","Cosmic Navigator L","Cosmic Navigator L"
"INVENTRE BAG DESIGN",0,0.0,0,0.0,0.0,"s5t050vtot","GLOBE TECH L","GLOBE TECH L"
"","","","","","","s5tmjaepd0","COSMIC NAVIGATOR L","COSMIC NAVIGATOR L"
"","","","","","","s5tb4vpr9f","INVENTRE CLASSIC L","INVENTRE CLASSIC L"
"","","","","","","s5t3v8qil2","ROCK MODE L","ROCK MODE L"
"","","","","","","s5tqok8qum","THUNDER CHARGE L","THUNDER CHARGE L"
"","","","","","","s5tk2372ro","INVENTRE PRESTIGE L","INVENTRE PRESTIGE L"
"","","","","","","s5t0cpcn3d","RACING REX NAVY M","RACING REX NAVY M"
"","","","","","","s5t9oob45l","RACING REX BLACK M","RACING REX BLACK M"
"","","","","","","s5tc2fh1j3","RACING REX GREEN M","RACING REX GREEN M"
"","","","","","","s5t6lk7hmi","PINK PARADISE PURPLE M","PINK PARADISE PURPLE M"
"","","","","","","s5t77o747e","PINK PARADISE YELLOW M","PINK PARADISE YELLOW M"
"","","","","","","s5tqtvt77v","DREAMY UNICORN YELLOW M","DREAMY UNICORN YELLOW M"
"","","","","","","s5tl58j44k","DREAMY UNICORN NAVY BLUE M","DREAMY UNICORN NAVY BLUE M"
"","","","","","","s5tm0afaq8","UNICHARM S","UNICHARM S"
"","","","","","","s5t7kr98a8","SEA CHARM S","SEA CHARM S"
"","","","","","","s5tk74v570","GAME CHARM S","GAME CHARM S"
"","","","","","","s5t310bhsm","DINO CHARM S","DINO CHARM S"
"SMS PRI HP COLOR",0,0.0,0,0.0,0.0,"s5p6hrsv9t","M","Navy"
"SAS SHOES SIZE",0,0.0,0,0.0,0.0,"b6vtg51n05","UK 1","UK 1"
"","","","","","","b6vc350q2v","UK 3","UK 3"
"","","","","","","b6vn72q8im","UK 4","UK 4"
"","","","","","","b6vau7429m","UK 5","UK 5"
"","","","","","","b6vv63egdq","UK 8S","UK 8S"
"","","","","","","b6vb3p3dkh","UK 13S","UK 13S"
"","","","","","","b6v0j9andh","9 S","9 S"
"","","","","","","b6vegrmmn5","11 S","11 S"
"","","","","","","b6vjsvl8id","7 UK","7 UK"
"CRIMSON STRIPS",0,0.0,0,0.0,0.0,"9fo45ko8f3","1 UK","1 UK"
"","","","","","","9fog4v7n6d","2 UK","2 UK"
"","","","","","","9fonfkdtn4","3 UK","3 UK"
"","","","","","","9fo3chdgkt","4 UK","4 UK"
"","","","","","","9fo60aoblj","6 UK","6 UK"
"","","","","","","9fo68li0ng","7 UK","7 UK"
"","","","","","","9fo9ivj4oc","6 S","6 S"
"","","","","","","9fo6vlgdbv","7 S","7 S"
"","","","","","","9foa1v9tsm","8 S","8 S"
"","","","","","","9fo0g00tjo","9 S","9 S"
"","","","","","","9fo10d5565","10 S","10 S"
"","","","","","","9fo9298crm","11 S","11 S"
"","","","","","","9fo5ssukk5","12 S","12 S"
"","","","","","","9foj9fq6jq","13 S","13 S"
"WINMORE SHOES SIZE",0,0.0,0,0.0,0.0,"6okql181ap","UK 4","UK 4"
"","","","","","","6okb7boco6","UK 5","UK 5"
"","","","","","","6okdq1548h","UK 6","UK 6"
"","","","","","","6okgege4i1","UK 7","UK 7"
"","","","","","","6okhl5q6ge","UK 8","UK 8"
"","","","","","","6okh7dfv65","UK 9","UK 9"
"","","","","","","6oktlt4n1l","UK 10","UK 10"
"NIVIA SHOES SIZE",0,0.0,0,0.0,0.0,"2c03pp4dj8","UK 1","UK 1"
"","","","","","","2c00l3e433","UK 2","UK 2"
"","","","","","","2c0u9p25cv","UK 3","UK 3"
"","","","","","","2c0qe3gujg","UK 4","UK 4"
"","","","","","","2c0kcp89ed","UK 5","UK 5"
"","","","","","","2c0aj480c9","UK 6","UK 6"
"","","","","","","2c0rr30uct","UK 7","UK 7"
"","","","","","","2c0k7asc78","UK 8","UK 8"
"","","","","","","2c0n19v7m5","UK 9","UK 9"
"","","","","","","2c02m7u3nh","UK 10","UK 10"
"","","","","","","2c06hlu69p","UK 11","UK 11"
"","","","","","","2c0gkrmfhi","UK 12","UK 12"
"","","","","","","2c0k7kbcum","UK 13","UK 13"
"BATA SHOE SIZE",0,0.0,0,0.0,0.0,"ricgse0b2a","UK 1","UK 1"
"","","","","","","rictrnmlp7","UK 2","UK 2`"
"","","","","","","ricki77b5g","UK 3","UK 3"
"","","","","","","ric5kv6q0h","UK 4","UK 4"
"","","","","","","ric35958cr","UK 5","UK 5"
"","","","","","","ricv11qf97","UK 6","UK 6"
"","","","","","","ricbbe7a9f","UK 7","UK 7"
"","","","","","","rics74mb5d","UK 8","UK 8"
"","","","","","","ricdp3qv26","UK 9","UK 9"
"","","","","","","ricj4ack74","UK 10","UK 10 "
"","","","","","","ricmplu5tt","UK 11","UK 11"
"","","","","","","ricp0qd091","UK 12","UK 12"
"SMS Grade 12 Extra Subject",0,0.0,0,0.0,0.0,"ar4qnu8mnn","Computer Science","SMS Grade 12 Computer Science"
"","","","","","","ar4sjlo1sv","Entrepreneurship","SMS Grade 12 Entrepreneurship"
"","","","","","","ar4cana6he","Physical Education","SMS Grade 12 Physical Education"
"","","","","","","ar47oissq2","Mathematics","SMS Grade 12 Mathematics"
"","","","","","","ar4spog0jq","Psychology","SMS Grade 12 Psychology"
"SMS Grade 12 Mandate",0,0.0,0,0.0,0.0,"9sh1slt4ct","Mandate","SMS Grade 12 Mandate"
"SMS Grade 12 Core Subjects",0,0.0,0,0.0,0.0,"9hf5tnrl2f","Mathematics Physics Chemistry","SMS Grade 12 Mathematics Physics Chemistry"
"","","","","","","9hf9mufp8t","Biology Physics Chemistry","SMS Grade 12 Biology Physics Chemistry"
"","","","","","","9hf1e0k316","Commerce","SMS Grade 12 Commerce"
"","","","","","","9hff731iqi","Humanities & Economics","SMS Grade 12 Humanities & Economics"
"","","","","","","9hfoljob7r","Humanities & Entrepreneurship","SMS Grade 12 Humanities & Entrepreneurship"
"","","","","","","9hf9qboupa","Humanities & Physical Education","SMS Grade 12 Humanities & Physical Education"
"SAS Keesara Grade 12 Extra Subjects",0,0.0,0,0.0,0.0,"nq20pmivba","Grade 12 Physical Education","SASKS Grade 12 Physical Education"
"","","","","","","nq2s7ert8n","Grade 12 Entrepreneurship","SASKS Grade 12 Entrepreneurship"
"","","","","","","nq2iitirr9","Grade 12 BioTechnology","SASKS Grade 12 BioTechnology"
"","","","","","","nq219kus5u","Grade 12 Applied Mathematics","SASKS Grade 12 Applied Mathematics"
"","","","","","","nq24oeelo2","Grade 12 Informatics Practices","SASKS Grade 12 Informatics Practices"
"","","","","","","nq2fcamino","Grade 12 Computer Science","SASKS Grade 12 Computer Science"
"","","","","","","6hf91u9t3s","Grade 12 Psychology","SAS KS Grade 12 Psychology"
"","","","","","","6hf09a3q2l","Grade 12 Economics","SAS KS Grade 12 Economics"
"","","","","","","2pt7nseor9","Grade 12 Biology","SAS KS Grade 12 Biology"
"SAS Keesara Grade 12 Core Subjects",0,0.0,0,0.0,0.0,"n5nutvtng4","Grade 12 PCM","SASKS Grade 12 PCM"
"","","","","","","n5nbog87em","Grade 12 PCB","SASKS Grade 12 PCB"
"","","","","","","n5n6kd64se","Grade 12 Commerce","SASKS Grade 12 Commerce"
"SAS Keesara Grade 12 Mandate",0,0.0,0,0.0,0.0,"fbgpu4r0b0","Mandate","SASKS Grade 12 Book Set Mandate"
"SAS Suchitra Grade 12 Extra Subjects",0,0.0,0,0.0,0.0,"elo8s9k7fm","Computer Science","SASSC Grade 12 Computer Science"
"","","","","","","eloi7ns5h7","Informatics Practices","SASSC Grade 12 Informatics Practices"
"","","","","","","elou7vt20h","Applied Mathematics","SASSC Grade 12 Applied Mathematics"
"","","","","","","elo0aojsj7","Physical Education","SASSC Grade 12 Physical Education"
"","","","","","","elo69ic69a","Entrepreneurship","SASSC Grade 12 Entrepreneurship"
"","","","","","","eloi6l3llk","Psychology","SASSC Grade 12 Psychology"
"","","","","","","elo4cdcfm0","BioTechnology","SASSC Grade 12 BioTechnology"
"","","","","","","elohp9g7ni","Economics","SASSC Grade 12 Economics"
"","","","","","","qd7tbi50ff","Biology","SASSC Grade 12 Biology"
"SAS Suchitra Grade 12 Core Subjects",0,0.0,0,0.0,0.0,"brnu4ridgo","Physics Chemistry Maths","SASSC Grade 12 Physics Chemistry Maths"
"","","","","","","brnikk0jbg","Physics Chemistry Biology","SASSC Grade 12 Physics Chemistry Biology"
"","","","","","","brnaecp0qk","Commerce","SASSC Grade 12 Commerce"
"","","","","","","brnf8uku7s","Humanities","SASSC Grade 12 Humanities"
"SAS Suchitra Grade 12 Mandate",0,0.0,0,0.0,0.0,"acat7d4gsf","Grade 12 Mandate","SASSC Grade 12 Book Set Mandate"
"TSUS Book Set Grade 12 Extra Subject",0,0.0,0,0.0,0.0,"0le3oka3df","Informatics Practices","TSUS Book Set Grade 12 Informatics Practices"
"","","","","","","0lejcuv3m1","Computer Science","TSUS Book Set Grade 12 Computer Science"
"","","","","","","0lepu13q2h","Health & Phy Education","TSUS Book Set Grade 12 Health & Phy Education"
"","","","","","","0le3sknvlo","Entrepreneurship","TSUS Book Set Grade 12 Entrepreneurship"
"","","","","","","0lebpg0htq","Fine Arts","TSUS Book Set Grade 12 Fine Arts"
"","","","","","","13ku6rp1ak","Psychology","TSUS Book Set Grade 12 Psychology"
"TSUS Book Set Grade 12 Core Subjects",0,0.0,0,0.0,0.0,"046g6v90pj","Physics Chemistry Maths","TSUS Book Set Grade 12 Physics Chemistry Maths"
"","","","","","","046veei0r5","Physics Chemistry Biology","TSUS Book Set Grade 12 Physics Chemistry Biology"
"","","","","","","046bn5opl3","Commerce","TSUS Book Set Grade 12 Commerce"
"","","","","","","046r7k85j8","Humanities","TSUS Book Set Grade 12 Humanities"
"TSUS Book Set Grade 12 Mandate",0,0.0,0,0.0,0.0,"v1hhnett1v","Grade 12 Mandate","TSUS Book Set Grade 12 Mandate"
"Full Pant size",0,0.0,0,0.0,0.0,"mcu62io8vg","22$$","22"
"","","","","","","mcu2a7iljk","24$$","24"
"","","","","","","mcu5idhs39","26$$","26"
"","","","","","","mcum31u3is","28$$","28"
"","","","","","","mcumad11ub","30$$","30"
"","","","","","","mcu89ib7tn","32$$","32"
"","","","","","","mcumpfjnee","34$$","34"
"","","","","","","mcukvmuooc","36$$","36"
"","","","","","","mcua13rprm","38$$","38"
"","","","","","","mcumpdb9c4","40$$","40"
"","","","","","","mcua6j6av1","42$$","42"
"","","","","","","mcunjrct08","44$$","44"
"","","","","","","mcu1rlnrns","46$$","46"
"","","","","","","p0ijm18gr1","20$$","20"
"","","","","","","081ta5057k","48$$","48"
"","","","","","","081j1kmca2","50$$","50"
"","","","","","","u0rrh910b9","18$$","18"
"","","","","","","u0rei2qbsh","16$$","16"
"Track Pant Size",0,0.0,0,0.0,0.0,"ti5uast1lm","18$$","18"
"","","","","","","ti50sqboor","20$$","20"
"","","","","","","ti5r6hkhra","22$$","22"
"","","","","","","ti53gjdah8","24$$","24"
"","","","","","","ti541vl7ti","26$$","26"
"","","","","","","ti595gjtv4","28$$","28"
"","","","","","","ti5h67kfgl","30$$","30"
"","","","","","","ti53jtjomm","32$$","32"
"","","","","","","ti5vb5pucp","34$$","34"
"","","","","","","ti564lhao7","36$$","36"
"","","","","","","ti5o627qm9","38$$","38"
"","","","","","","ti5h0n1g1j","40$$","40"
"","","","","","","ti55pfh23a","42$$","42"
"","","","","","","ti5cf0v7a3","44$$","44"
"","","","","","","ti5t3kb37k","46$$","46"
"","","","","","","ti5idfj3jd","48$$","48"
"","","","","","","ti55ni4rq9","50$$","50"
"","","","","","","ti5gnm53mj","52$$","52"
"Tshirt Size",0,0.0,0,0.0,0.0,"sfck3bj0g2","24$$","24"
"","","","","","","sfc8b7eop3","26$$","26"
"","","","","","","sfcakmlc2j","28$$","28"
"","","","","","","sfcumt2gku","30$$","30"
"","","","","","","sfc65sd9hg","32$$","32"
"","","","","","","sfch91t0m9","34$$","34"
"","","","","","","sfcnq7gvcf","36$$","36"
"","","","","","","sfc75lkjv6","38$$","38"
"","","","","","","sfcsmhpji9","40$$","40"
"","","","","","","sfcob3hk76","42$$","42"
"","","","","","","sfcs9d6df4","44$$","44"
"","","","","","","sfc0tctmok","46$$","46"
"","","","","","","sfc5e25d8e","48$$","48"
"","","","","","","sfca1ajc21","50$$","50"
"","","","","","","sfc6sok8np","52$$","52"
"","","","","","","sfcqmi6erc","54$$","54"
"","","","","","","sfcbkg2j9t","56$$","56"
"","","","","","","sfci38tdsb","58$$","58"
"","","","","","","tmvr9chrd9","22$$","22"
"","","","","","","tmvvskrfcr","20$$","20"
"","","","","","","te6fgnrc8i","60$$","60"
"","","","","","","te65pmnj65","62$$","62"
"","","","","","","te6neqk66u","64$$","64"
"Socks Size",0,0.0,0,0.0,0.0,"qh0pfg4n5a","XS$$","XS"
"","","","","","","qh0c73vdl4","S$$$","S"
"","","","","","","qh08vgsioc","M$$$","M"
"","","","","","","qh0lngdfbi","L$$$","L"
"","","","","","","qh0lr5vk88","XL$$","XL"
"","","","","","","qh0f40vggp","2XL$","2XL"
"","","","","","","qh0upvni00","3XL$","3XL"
"","","","","","","qh0v5mulo3","4XL$","4XL"
"Shoe Size",0,0.0,0,0.0,0.0,"ne1bq3ruut","6S$$","6S"
"","","","","","","ne1g8bfcf7","7S$$","7S"
"","","","","","","ne1g3j3cpj","8S$$","8S"
"","","","","","","ne18eho487","9S$$","9S"
"","","","","","","ne1qn1b3r9","10S$","10S"
"","","","","","","ne1u43pg6h","11S$","11S"
"","","","","","","ne1gj6dqt0","12S$","12S"
"","","","","","","ne167kga1h","13S$","13S"
"","","","","","","ne1fsa3639","1UK$","1UK"
"","","","","","","ne1t9icqtk","2UK$","2UK"
"","","","","","","ne1d1qlcj3","3UK$","3UK"
"","","","","","","ne1boi3dpq","4UK$","4UK"
"","","","","","","ne112fft6k","5UK$","5UK"
"","","","","","","ne13r1ni2d","6UK$","6UK"
"","","","","","","ne1bg17mmm","7UK$","7UK"
"","","","","","","ne1ch461ge","8UK$","8UK"
"","","","","","","ne10jg2mbc","9UK$","9UK"
"","","","","","","ne1f2n7eo1","10UK","10UK"
"","","","","","","ne1vmr8pt5","11UK","11UK"
"","","","","","","d9maat8kvc","12UK","12UK"
"","","","","","","6u7aa8dtut","6K$$","6K"
"","","","","","","6u711su1v4","7K$$","7K"
"","","","","","","6u70fa066c","8K$$","8K"
"","","","","","","6u72972ub2","9K$$","9K"
"","","","","","","6u798oqq6k","10K$$","10K"
"","","","","","","6u7e2drg4k","11K$$","11K "
"","","","","","","fnduke7vut","12k$$","12K"
"","","","","","","fnd45utejc","13K$$","13K"
"Shirt Size",0,0.0,0,0.0,0.0,"lioro90o9j","28$$","28"
"","","","","","","lioavmh53t","30$$","30"
"","","","","","","lioesq0hhc","32$$","32"
"","","","","","","liojnqjja5","34$$","34"
"","","","","","","lio9agu8tk","36$$","36"
"","","","","","","lio991d3n0","38$$","38"
"","","","","","","liok6esm7m","40$$","40"
"","","","","","","liodmdi6ik","42$$","42"
"","","","","","","lionbi3ef1","44$$","44"
"","","","","","","lio4olvjpf","46$$","46"
"","","","","","","lio79jmf88","48$$","48"
"","","","","","","liooo5erra","50$$","50"
"","","","","","","liojd0jgln","52$$","52"
"","","","","","","lioentajvn","54$$","54"
"","","","","","","liofesm1in","56$$","56"
"","","","","","","liof8p67lv","58$$","58"
"","","","","","","94h4qbdheb","22$$","22"
"","","","","","","94h1ifm6hn","24$$","24"
"","","","","","","94hqkqcdb4","26$$","26"
"","","","","","","95ggnre82q","20$$","20"
"","","","","","","l6ogobeudl","18$$","18"
"Half Pants Size",0,0.0,0,0.0,0.0,"jhjfo5237e","16B$","16B"
"","","","","","","jhjgu8e2e9","18B$","18B"
"","","","","","","jhjr2r7255","20A$","20A"
"","","","","","","jhj24mvh9n","22A$","22A"
"","","","","","","jhjqi2ospu","22B$","22B"
"","","","","","","jhjmtfmg3c","24A$","24A"
"","","","","","","jhjnbm5ver","24B$","24B"
"","","","","","","jhjkmomjhr","26A$","26A"
"","","","","","","jhjj147c3b","26B$","26B"
"","","","","","","jhjp60to1q","28A$","28A"
"","","","","","","jhjdun9knj","28B$","28B"
"","","","","","","jhjq159vug","30A$","30A"
"","","","","","","jhjnpun5u2","30B$","30B"
"","","","","","","jhjspj17ff","32A$","32A"
"","","","","","","jhj0ae6bae","32B$","32B"
"","","","","","","jhjf899bfi","34A$","34A"
"","","","","","","jhj1rb3v4h","34B$","34B"
"","","","","","","jhjq9i7m59","36A$","36A"
"","","","","","","jhjbn80qfm","36B$","36B"
"","","","","","","sickvt26j4","16A$","16A"
"","","","","","","sichci3vv2","16C$","16C"
"","","","","","","sicukisrsa","16D$","16D"
"","","","","","","sicnl1pes0","18A$","18A"
"","","","","","","sichm46544","18C$","18C"
"","","","","","","sicc5bd6k3","18D$","18D"
"","","","","","","sicujlk5js","20B$","20B"
"","","","","","","siccpe6ggl","20C$","20C"
"","","","","","","sic6i9j9c3","20D$","20D"
"","","","","","","sidm22c058","22C$","22C"
"","","","","","","sidt7gnai7","22D$","22D"
"","","","","","","sidiaugtn7","24C$","24C"
"","","","","","","sidv4bc18g","24D$","24D"
"","","","","","","sidomesvof","26C$","26C"
"","","","","","","sidd2clc85","26D$","26D"
"","","","","","","sidllqn5f6","28C$","28C"
"","","","","","","sidrga93d7","28D$","28D"
"","","","","","","sids7rlftf","30C$","30C"
"","","","","","","sidf8n6bp7","30D$","30D"
"","","","","","","sida4rfrs2","32C$","32C"
"","","","","","","sid212m9il","32D$","32D"
"","","","","","","sidvnrh440","34C$","34C"
"","","","","","","sidm42qpol","34D$","34D"
"","","","","","","sid8ho93q1","36C$","36C"
"","","","","","","siddkdhju0","36D$","36D"
"","","","","","","b7o3urpicf","14A$","14A"
"","","","","","","b7ok2qpjha","14B$","14B"
"","","","","","","iljkrf1pos","38A$","38A"
"","","","","","","ilj7vebr93","38B$","38B"
"","","","","","","iljooi04bo","38C$","38C"
"Belt Size",0,0.0,0,0.0,0.0,"j16jnkjt7j","S$$$","S"
"","","","","","","j1634g9d64","M$$$","M"
"","","","","","","j16cqgqvvu","L$$$","L"
"","","","","","","j16m9ve3h3","XL$$","XL"
"","","","","","","ku69fgtidi","2XL$","2XL"
"Bags Size",0,0.0,0,0.0,0.0,"f31sa7dpb9","S$$$","S"
"","","","","","","f314drtqcv","M$$$","M"
"","","","","","","f31sc2mas7","L$$$","L"
"TSUS Colors",0,0.0,0,0.0,0.0,"2rh5hhdiqr","B","Dhairya (Blue)"
"","","","","","","gjbsdpgm8d","A","Abhay (RED)"
"","","","","","","gjbk1ml75i","C","Lakshay (GREEN)"
"","","","","","","gjbs3qklf2","D","Nishchay (YELLOW)"
"","","","","","","gjb4psocuf","M","NAVY"
"","","","","","","gjbbm271da","J","WHITE"
"","","","","","","gjbrifj3pd","I","BLACK"
"","","","","","","gjb4k52luf","V","OFF WHITE"
"Skirt Size",0,0.0,0,0.0,0.0,"ascs2360nn","20C$","20C"
"","","","","","","ndb8pqa8f2","16A$","16A"
"","","","","","","ndbl4btr9i","16B$","16B"
"","","","","","","ndbr6qhl8m","16C$","16C"
"","","","","","","ndbh5918kg","16D$","16D"
"","","","","","","ndb67otque","20A$","20A"
"","","","","","","ndb6cbnn51","20B$","20B"
"","","","","","","ndbuvb54dg","20D$","20D"
"","","","","","","ndbtlqckjj","20E$","20E"
"","","","","","","ndbqk7sha7","22A$","22A"
"","","","","","","ndbf9mnaki","22B$","22B"
"","","","","","","ndb0q18c0v","22C$","22C"
"","","","","","","ndbhdvvv2b","22D$","22D"
"","","","","","","ndbbbh1hpf","22E$","22E"
"","","","","","","ndb9l88hea","24A$","24A"
"","","","","","","ndbb3cf8ee","24B$","24B"
"","","","","","","ndbf6qjkis","24C$","24C"
"","","","","","","ndb8nccl68","24D$","24D"
"","","","","","","ndbs8m5ghc","24E$","24E"
"","","","","","","ndblkh8061","26A$","26A"
"","","","","","","ndb7hhpid4","26B$","26B"
"","","","","","","ndbhs6kgej","26C$","26C"
"","","","","","","ndbkb47nki","26D$","26D"
"","","","","","","ndb95bf0u8","26E$","26E"
"","","","","","","ndbt3cdmmo","28A$","28A"
"","","","","","","ndbqmtn02n","28B$","28B"
"","","","","","","ndb23bq2n3","28C$","28C"
"","","","","","","ndbmmb16hs","28D$","28D"
"","","","","","","ndbrvc6he0","28E$","28E"
"","","","","","","ndbr3lmjm5","30A$","30A"
"","","","","","","ndbqv2ujg1","30B$","30B"
"","","","","","","ndblj9jnb4","30C$","30C"
"","","","","","","ndbv0tsgk0","30D$","30D"
"","","","","","","ndbk1d43on","30E$","30E"
"","","","","","","ndbo6glols","32A$","32A"
"","","","","","","ndb82jshgv","32B$","32B"
"","","","","","","ndbcg0bpnt","32C$","32C"
"","","","","","","ndbb8gq468","32D$","32D"
"","","","","","","ndb4tja3ss","32E$","32E"
"","","","","","","ndb8kcg4lt","34A$","34A"
"","","","","","","ndbc8t4f7r","34B$","34B"
"","","","","","","ndbjh2mp02","34C$","34C"
"","","","","","","ndbrl0sf67","34D$","34D"
"","","","","","","ndb5chqlsq","34E$","34E"
"","","","","","","ndbd1ro815","36A$","36A"
"","","","","","","ndbhrbil0j","36B$","36B"
"","","","","","","ndb1hba5s6","36C$","36C"
"","","","","","","ndbfqf0sqn","36D$","36D"
"","","","","","","ndb8i0lbnl","36E$","36E"
"","","","","","","ndbvk1bqho","38A$","38A"
"","","","","","","ndbdcpr4fe","38B$","38B"
"","","","","","","ndb1nl1u5o","38C$","38C"
"","","","","","","ndbtirrfid","38D$","38D"
"","","","","","","ndbr94o8fc","38E$","38E"
"","","","","","","ndb2p86dps","40A$","40A"
"","","","","","","ndb0bjr09r","40B$","40B"
"","","","","","","ndb6mapkqr","40C$","40C"
"","","","","","","ndb625q0v5","40D$","40D"
"","","","","","","ndb6bd4kp4","40E$","40E"
"","","","","","","ujs0lmcemq","18A$","18A"
"","","","","","","ujs508hd7u","18B$","18B"
"","","","","","","ujsssq5uba","18C$","18C"
"","","","","","","ujso3f33jk","18D$","18D"
"","","","","","","ujsfhv5umm","18E$","18E"
"","","","","","","i4b9rm8aoe","24F$","24F"
"","","","","","","i4b79i6j7v","26F$","26F"
"","","","","","","i4bpo7q2ul","28F$","28F"
"","","","","","","i4b4ml2hq5","30F$","30F"
"","","","","","","i4bevjjeub","32F$","32F"
"","","","","","","i4bqj9npsq","34F$","34F"
"","","","","","","kafqt2drjj","42A$","42A"
"","","","","","","kafcgv0r2q","42B$","42B"
"","","","","","","kafr0tpoqc","42C$","42C"
"","","","","","","6ttue8v7aq","18F$","18F"
"","","","","","","7s0mr31kom","22F$","22F"
"Design",0,0.0,0,0.0,0.0,"upg4hielip","A","Design Version"
"Different Logo",0,0.0,0,0.0,0.0,"","",""
"Colour",0,0.0,0,0.0,0.0,"gj6gg7lm1v","A","Red"
"","","","","","","gj6sd6vq3n","G","Green"
"","","","","","","gj6dkttcpe","B","Blue"
"","","","","","","gj6pjag6a9","C","Black"
"","","","","","","gj6r1lug75","W","White"
"","","","","","","9mcsmii41t","Y","Yellow"
"Size",0,0.0,0,0.0,0.0,"8jrrora7h0","18X","18"
"","","","","","","8jr9640lkj","20B","20B"
"","","","","","","8jrekeisl0","30C","30C"
"","","","","","","0jl4fu6qr9","22X","22"
"","","","","","","0jlpcaitsu","24X","24"
