enrollment	name	gender	grade	father_name	father_mobile	father_email	mother_name	mother_mobile	mother_email
26SIS0011	MUTHANGI HANVIK REDDY	Boy	Grade 1	MUTHANGI JAIPAL REDDY	9505515131	jaipalreddy89@gmail.com	MUTHANGI VISHALA REDDY	8919132994	vishalareddy724@gmail.com
26SIS0014	ANVITA SHANTANU DESHPANDE	Girl	Grade 1	SHANTANU DESHPANDE	7822096437	shantanudeshpande2003@gmail.com	RASHMI SHANTANU DESHPANDE	9561932013	rashmi.mahatpurikar@gmail.com
26SIS0015	DHANNARAM NIHANVI	Girl	Grade 1	DHANNARAM SUDHAKAR REDDY	9000833522	sudhakarreddy1825@gmail.com	DHANNARAM JYOSHNA	6304944386	jyothsnareddy1825@gmail.com
26SIS0024	MAHRA ASHMIRA	Girl	Grade 1	MOIZ UDDIN	9700072079		ARUBA MUNEER
26SIS0030	CHERAKA KRITHVI SRI	Girl	Grade 1	CHERAKA NATRAJ	8985559896	natrajcheraka@gmail.com	KEERTHIKA GURRAM	9492970515	keerthikagurram4@gmail.com
26SIS0032	VIRAAJ AMOL GANESH	Boy	Grade 1	AMOL GANESH	8147047268	amolganesh278@gmail.com	MANISHA GANESH	9739257724	sakshiganesh70@gmail.com
26SIS0040	MATTA SHIVANSH REDDY	Boy	Grade 1	MATTA SRINIVAS REDDY	8247747009		VANGA ARCHANA	8367294824
26SIS0045	P Nishika Rudrani	Girl	Grade 1	P Sandeep Kumar	9581191412	sandeeppharma85@gmail.com
26SIS0053	KALALI AASHRITH GOUD	Boy	Grade 1	KALALI VISHNU GOUD	9989339901	vishnuaxis87555@gmail.com	KALALI SAIPRANATHI	9515081294
26SIS0058	SURARAM AAYAANSH REDDY	Boy	Grade 1	SURARAM CHANNA REDDY	9581320333	channareddy45@gmail.com	JANAMOLLA ARCHANA	9492320333
26SIS0062	CHEGURI SISIRA	Girl	Grade 1	CHEGURI LAXMIPRASAD	9441664410	laxmiprasadc28@gmail.com	CHEGURI SARITHA	8801030882
26SIS0064	MADUPATHI VIHAAN VEERABHADRESHWAR	Boy	Grade 1	MADUPATHI DHARMENDAR SWAMY	9121194032		MADUPATHI ROOPA	8096693132
26SIS0067	GADILA AKSHAINI	Girl	Grade 1	GADILA RANJITH KUMAR	9848432325	ranjithstunner@gmail.com	PANDALA ANUSHA	8886414656
26SIS0070	SHIVANSH NANDA	Boy	Grade 1	CH SIDDHARTH NANADA	8249259545	nanda.siddharth@gmail.com	SMITA MISHRA	8249579375
26SIS0075	JOY APUROOP	Boy	Grade 1	SUBASH	9885993336		DAISY VINEELA	9398296656	vineela.tankari@gmail.com
26SIS0085	GAHAN B	Boy	Grade 1	BHANU PRAKASH C	9940450843	bhanu.prakash543@gmail.com	S MANJU SHREE	9148034151	smanjushashree25@gmail.com
26SIS0088	KUMMARI VIKRAMADITYA	Boy	Grade 1	KUMMARI SRISAILAM	9948355322		SUJATHA	6281173552
26SIS0093	METHRE AKSHATH	Boy	Grade 1	METHRE SURYAKANTH	9511805112		METHRE SARITA BAI	8050971488
26SIS0094	SRIVANDLA SRIKRUTHI	Boy	Grade 1	SANDEEP KUMAR SRIVANDLA	9000008464
26SIS0097	KASHVI JAMPALA	Girl	Grade 1	JAMPALA SRINIVAS	9985378537		DEVASVI NANDIGAM	9885111787
26SIS0105	KAAVALI ANYA SREE	Girl	Grade 1	KAAVALI SHANKAR	7032581434	shankeryadav572@gmail.com	KAAVALI APARNA	9347124069	shankeraparna1434@gmail.com
26SIS0106	UTKARSH SANDILYA	Boy	Grade 1	SAURABH SANDILYA	9987519316	saurabhsandilya@gmail.com	NEHA DOKANIA	9004515194	nehadokania1@gmail.com
26SIS0112	GANDU VINIKA	Girl	Grade 1	GANDU VEERA REDDY	9948263690	veera4807@gmail.com	GANDU SWETHA	8309896388
26SIS0117	GANJA HANVIKA	Girl	Grade 1	GANJA SAREEN KUMAR	9908350105	gksareen003@gmail.com	GANJA MEENAKSHI	9989268382	meenasonu1591@gmail.com
26SIS0124	N VIHAAN REDDY	Boy	Grade 1	NINGAREDDY SATISH REDDY	9652519996		N MOUNIKA REDDY	9603957998
26SIS0125	BALAIAHGARI DIYANSH RAYUDU	Boy	Grade 1	BALAIAHGARI NARESH RAO	9182854706	nareshrao4849@gmail.com	BALAIAHGARI SWETHA	6281179287	swetharao4mar1993@gmail.com
26SIS0130	D MAANSI	Girl	Grade 1	D RAJENDRA PRASAD	9030144310	dprasad523@gmail.com	BANKA SAI SWETHA	9440991617	swethasai926@gmail.com
26SIS0134	PRAVYA RAJPUT	Girl	Grade 1	RAHUL KUMAR	9780567388		RICHA SHARMA	9780567388
26SIS0136	PRIYANSH LOYA	Boy	Grade 1	ASHISH LOYA	9666622225	ashuloya@yahoo.co.in	PRIYANKA LOYA	9705987654	ashuloya@yahoo.co.in
26SIS0137	DHEER LOYA	Boy	Grade 1	VIDHYA SAGAR LOYA	9866461614		HARSHITA LOYA	9849219099	harshithaloya6@gmail.com
26SIS0143	YAGNI AVYUKTHA	Girl	Grade 1	YAGNI GNANESHWAR	9966943654	gnani21.kanna@gmail.com	YAGNI TRUPTIMAYEE	9777297346
26SIS0146	KOTA VEDHARSH	Boy	Grade 1	K MAHENDER REDDY	9553522232	mreddy0177@gmail.com	K SWATHI	9505175503	swathi.reddy5859@gmail.com
26SIS0152	VADLA GOUTHAM NANDA	Boy	Grade 1	VADLA RAMDAS	9676655642	ramdasvvvvv@gmail.com	KAMMARI SANDHYA	8688208829
26SIS0156	DUDYAGI HAMSHIKA GOUD	Girl	Grade 1	DUDYAGI SANDEEP GOUD	7680928888	dudyagi@gmail.com	VANKNOTH SNEHALATHA	9177720444	sandroid.sg@gmail.com
26SIS0159	CHAKALI PRIYANSHU	Boy	Grade 1	CHAKALI SRIDAR	8008753808	rajinipaneeru@gmail.com	CHAKALI RAJINI	8008385432	rajinipaneeru@gmail.com
26SIS0164	ANNA DHRUTHI	Girl	Grade 1		7989893802		CHINTHAKUNTA RAJINI	7989893802
26SIS0168	MAANVIKA SERI	Girl	Grade 1	PAVAN REDDY SERI	9652971010		SHALINI RACHAMALLEY	9652971010
26SIS0170	PARVEDA JAIVIK GOUD	Boy	Grade 1	PARVEDA RAJESH GOUD	9959640752	mounikagoudmonu@gmail.com	MUNIDEVUNIPALLY MOUNIKA GOUD	7032965297	mounikagoudmonu@gmail.com
26SIS0176	M ADVAITA KARUNYA	Boy	Grade 1	M JAGADEESHWAR	9963382183	jagadishpatel8899@gmail.com	CHINERAPAL VIS...	8464912103
26SIS0193	LIHA CHAVAN	GIRL	Grade 1	CHANDRAKANTH CHAVAN	9885549150		DAMAMKAR NISHITHA	9951221592
26SIS0216	MADOORI PRIYANSHI	Girl	Grade 1	K VARSHA	8500177039	santhoshkumar8705@gmail.com	M SANTHOSH KUMAR	9703452144	123@GMAIL.COM
26SIS0005	KOPPERI TEJASREE	Girl	Grade 2	KOPPERI UMAMAHESHWAR	7702270153		KOPPERI ROJA	8179054858
26SIS0009	MALKAREDDY RETHVIKA REDDY	Girl	Grade 2	MALKAREDDY RAVINDER REDDY	7093063339	ravinderreddy186@gmail.com	MALKAREDDY PRAVALIKA REDDY	7799159146	pravalikareddy1105@gmail.com
26SIS0042	ANEGUNTA HARI PRASANNA	Girl	Grade 2	ANEGUNTA PRASHANTH	9030057207	a.prashanth77@gmail.com	SUGGA RAJESWARI	8499925830
26SIS0050	AMAIRA FATIMA	Girl	Grade 2	MOHAMMED BALIUDDIN	9390058580	baliuddin_mohd@yahoo.com	NISHATH BEGUM	8919905910
26SIS0073	DODDI SHAYNA SREEVALLI	Boy	Grade 2	DODDI RAJESH	7702352519		DODDI MADHAVI	8142671676
26SIS0090	KOONA BHUVAN SAI	Boy	Grade 2	KOONA CHIDAMBER SAI	7730868788	chidhu9@gmail.com	KOONA SANDHYA	9100676598
26SIS0100	PEDDAGOLLA VIHAAN	Boy	Grade 2	PEDDAGOLLA SRINIVAS	7893650271	purchase@surabhilabs.com	KONDAGONI SHASHIREKHA	6301442199	sharekha129@gmail.com
26SIS0115	T LINITH RAJA	Boy	Grade 2	R THIRUMURUGAN RAMASWAMI	9443207885	thirumurugan.dr@gmail.com	R THIRUMURUGAN RAMASWAMI	9443207885
26SIS0129	Y SAI SHANKAR	Boy	Grade 2	YENAKATHALA RAJENDRA PRASAD	9866283955	rajendraprasad466@gmail.com	YENAKATHALA RADHIKA	9676883467	rajendraprasad466@gmail.com
26SIS0132	TENUGU SAI SIDDHARTH	Boy	Grade 2	TENUGU RAMESH	9291535288	ramesh.tenugu@gmail.com	TENUGU KALPANA	6281059411	kalpana.tenugu@gmail.com
26SIS0140	THANUSHRI VADLA	Girl	Grade 2	CHAKRAPANI CHARY VADLA	9999999999		VADLA BHAGYA	9182609840
26SIS0179	MOHAMMED ALI HASAN	Boy	Grade 2	AHMED ALI SUMAIR	7506477882	ahmed@sahvia.com	OMMEHANI BEGUM	8096657071
26SIS0180	HAFSA SULTANA	Girl	Grade 2	SHAHED ALI IMRAN	9121212942	asfiyanamreen@gmail.com	ASFIYA NAMREEN	7995294200
26SIS0191	NIZAMPURAM SWARA	Girl	Grade 2	NIZAMPURAM SAGAR	9849800801	sagar.nizampuram87@gmail.com	NIZAMPURAM SARITHA	9704430827	sagar.nizampuram87@gmail.com
26SIS0194	HARI TAKSHIKA	Girl	Grade 2	HARI BABU SUBRAMANI	9159134314
26SIS0199	MUTHANGI REYANSH	Boy	Grade 2	MUTHANGI SURESH	9948352288		MUTHANGI SUGUNA	9713647209
26SIS0227	MAREPALLY HARSHAVARDHAN	Boy	Grade 2	MAREPALLY RAMESH	7981100809		MAREPALLY SANDHYA	9381719881
26SIS0008	MALKAREDDY KRITHIKA REDDY	Girl	Grade 3	MALKAREDDY RAVINDER REDDY	7093063339	ravinderreddy186@gmail.com	MALKAREDDY PRAVALIKA REDDY	7799159146	pravalikareddy1105@gmail.com
26SIS0023	V MITHRA	Girl	Grade 3	VIJAY PALANIVEL	9840620143	vijay.palanivel90@gmail.com	M UMAPRIYA MOHAN	9791702678	uma.priyamohan@gmail.com
26SIS0026	Mohammed Ahrar ali	Boy	Grade 3	Mohammed moiz uddin	9700072079	Moizuddin33@gmail.com	ARUBA MUNEER
26SIS0037	SINGAPURAM ADHYASREE REDDY	Girl	Grade 3	SINGAPURAM MAHENDER REDDY	7901564949	mahenderreddy99999@gmail.com	SINGAPURAM LAXMI	7901564959	laxmireddy1314@gmail.com
26SIS0048	RUDRA VISHVANATH GHANWAT	Boy	Grade 3	VISHVANATH MAHADEV GHANWAT	9028437456	vishu.ghanwat@gmail.com	MADHURI VISHVANATH GHANWAT	9130807342	madhuri.ghanwat7@gmail.com
26SIS0069	HARSHIT SHARMA	Boy	Grade 3	RAHUL SHARMA	7568694146		ARTHI SHARMA	8058842034
26SIS0089	KOONA PREKSHA	Girl	Grade 3	KOONA CHIDAMBER SAI	7730868788	chidhu9@gmail.com	KOONA SANDHYA	9100676598
26SIS0101	JUMPALA PRERANA VARADA	Girl	Grade 3	JUMPALA PRAVEEN KUMAR	9493227768	praveenjumpala@gmail.com	PATNAM SHETTY VEENA	8688851350	veenapatnamshetty@gmail.com
26SIS0108	NAGOJIGARI VILAKSHA	Girl	Grade 3	NAGOJIGARI CHANDRASHEKAR RAO	9951234435		NAGOJIGARI MOUNIKA	7093444775
26SIS0110	GANDU ANIKA REDDY	Girl	Grade 3	GANDU VEERA REDDY	9948263690	veera4807@gmail.com	GANDU SWETHA	8309896388
26SIS0116	YELUGOI AARADHYA	Girl	Grade 3	YELUGOI SANTOSH KUMAR	7702444407		YELUGOI SRAVANTHI
26SIS0141	KAPPE LIKIT NANDHAN	Boy	Grade 3	KAPPE SHIVARAJ	9849033013	kappeshivaraj@gmai.com	K GEETHANJALI	9948063040
26SIS0142	LADE SHIVA PRASAD	Boy	Grade 3	LADE MALLESHAM	9985311254	lademallesham58@gmail.com	LADE SHIRISHA	7674923254	shirishalade428@gmail.com
26SIS0147	AAKANKSH KUMAR KHOBBANBHAT	Girl	Grade 3	KHOBBANBHAT ASHWIN KUMAR	9030519991	kashwin8@gmail.com	SHRADDHA KHOBBANBHAT	9000015342
26SIS0155	KALAL TRIBHUNESH	Boy	Grade 3	KALAL MURALIDHAR GOUD	6301667259	muralidhar.3n1@gmail.com	KATTA BHAVANI	7702933668
26SIS0211	ARADHYA GUNDA	Girl	Grade 3	GUNDA HARISH	8790798400	g2.harish@gmail.com	RAJINI
26SIS0212	SYED IBRAHIM AHMED	Boy	Grade 3	SYED MOHSEEN AHMED	9640992142		FARHEEN FATIMA	9010217867	mohseen_sma@rediffmail.com
26SIS0213	SYED UMAR AHMED	Boy	Grade 3	SYED MOHSEEN AHMED	9640992142		FARHEEN FATIMA	9010217867	mohseen_sma@rediffmail.com
26SIS0230	RUMAYASA RIYAZ MUHAMMAD	Girl	Grade 3	RIYAZ MD	9381695568		NAZERA BEGUM	7386475862
26SIS0231	PRANIKA TYAGI	Girl	Grade 3	GULSHAN RAY TYAGI	8143736819	gulshanray.tyagi@gmail.com	POOJA TYAGI	9573138192
26SIS0028	ANVITHA BG	Boy	Grade 4	GANESH KUMAR	9632701144		SOWMYA J	8999637298	sowmya.bantwal@gmail.com
26SIS0063	MADUPATHI NISHITHA	Girl	Grade 4	MADUPATHI DHARMENDAR SWAMY	9121194032		MADUPATHI ROOPA	8096693132
26SIS0074	ALLIPURAM PRADYUMNA REDDY	Boy	Grade 4	ALLIPURAM PRABHAKER REDDY	9030331514	prabhakerreddy.a@gmail.com	ALLIPURAM PAVANI	9866412563	pavanireddy.a23@gmail.com
26SIS0078	ROHAN ARUN KARDILE	Boy	Grade 4	ARUN VISHNU KARDILE	9404989007	ARUNKARDILE@GMAIL.COM	SANGEETHA	9096206270	U.SANGITA17@GMAIL.COM
26SIS0083	GANDIGUDE SAI SRI PRIYA	Girl	Grade 4	GANDIGUDE RAVI PRAKASH	9440155705	ravi.g83@gmail.com	KASALA LAVANYA	8328668008
26SIS0086	KALALI SRITHIKA	Girl	Grade 4	KALALI SHEKHAR GOUD	8500134997	shekhargoudps@gmail.com	PATHIGARI SRIRANJANI	8500860307	sriranjanipathigari21@gmail.com
26SIS0091	AADHYA GOGULA	Girl	Grade 4	RAVI TEJA GOGULA	9035199343		NAGAMALLA SHRAVANI	9703775148
26SIS0099	MALIPATIL RITHIK	Boy	Grade 4	MALIPATIL RAJENDER	9603539501	rajenderpatil43@gmail.com	MALIPATIL VIJAYA LAXMI	7036959102	rithikpatil2017@gmail.com
26SIS0111	GAURAV CHOUDHARY	Boy	Grade 4	PRADEEP CHOUDHARY	7702714992	pradeepchoudhary0511@gmail.com	POOJA CHOUDHARY	9381300760	poojavhoudhary02@gmail.com
26SIS0118	SAI RASAGNYA SANTHOSH KUMAR MANJAKUPPAM	Girl	Grade 4	MANJAKUPPAM JEEVARATHNAM SANTHOSH KUMAR	9391911594	mjsksanthosh@gmail.com	MANJAKUPPAM APARNA SANTHOSH	9640772086	arcotaparna@gmail.com
26SIS0121	KOLUKUNDE SHIVAAN	Boy	Grade 4	KOLUKUNDE MALLESHAM	9912220304
26SIS0157	ARIGE SHREYAS	Boy	Grade 4	ARIGE SHIVA KUMAR	9494878618		ARIGE BHAVANA	8106009699	shivakumararige@gmail.com
26SIS0171	ANAY DATTATRAY CHOPADE	Boy	Grade 4	DTTATRAY SARJERAO CHOPADE	9860658589		CHHAYA DATTATRAY CHOPADE	7219254858
26SIS0182	ARUSH RUDRA	Boy	Grade 4	VENU PRASAD	9962966644		AISHWARYA	9949913248
26SIS0215	TALASANI ABHINAY REDDY	Boy	Grade 4	TALASANI KIRAN REDDY	8143822889		MAMIDIPALLE SWETHA	9959216174	talasanikiran@gmail.com
26SIS0224	BANTARAM SHUKLA	Boy	Grade 4	BANTARAM VEERENDAR KUMAR	9885673564		BANTARAM ABHINAVATHA	8523840630
26SIS0225	KALALI VENKAT VARSHITH GOUD	Boy	Grade 4	KALALI SUDHEER GOUD	9490867235		KALALI MANASA GOUD
26SIS0229	SONTEPU SHREEYANSH	Boy	Grade 4	NAGESH KUMAR SONTEPU	9966438274		S GEETHANJALI	9603590344
26SIS0010	GUDATI ADVIKA	Girl	Grade 5	GUDATI RAGHAVENDHAR REDDY	9866784107	ravireddy3166@gmail.com	GUDATI POOJA	8897748985	poojareddy1794@gmail.com
26SIS0012	KOTTAKURMA THANU SRI	Girl	Grade 5	KOTTAKURMA SHEKAR	8019530313		KOTTAKURMA DIVYA	9014355615
26SIS0022	HRIDHVIKA V	Girl	Grade 5	VIJAY PALANIVEL	9840620143	vijay.palanivel90@gmail.com	M UMAPRIYA MOHAN	9791702678	uma.priyamohan@gmail.com
26SIS0049	MOHD ABDULLAH ZAYYAN	Boy	Grade 5	MOHD MUZAMEEL AHMED	8886188735		AMEENA BEGUM	8008959238	ameenabegum2753@gmail.com
26SIS0056	ZEENIA ZAKIR	Girl	Grade 5	MOHAMMED ZAKIR	9666199916	zakirmohammed628@gmail.com	NAZIA KHATUN	9381178596
26SIS0061	CHEGURI SAHASRA	Girl	Grade 5	CHEGURI LAXMIPRASAD	8801030882		CHEGURI SARITHA	8801030882
26SIS0068	MOKARAM SUSANNA GRACE	Girl	Grade 5	MOKARAM SUDHAKAR	9676306512	SUDHAKAR.MKRM@GMAIL.COM	DARBAR PRAVEENA	7893061075
26SIS0098	JAMPALA SAHASRA	Girl	Grade 5	JAMPALA SRINIVAS	9985378537	jampalaseenu@gmail.com	NANDIGAM DEVASVI	9885111787	devasvi.nandigam@gmail.com
26SIS0119	GOUDICHERLA ADITHYARAM	Boy	Grade 5	GOUDICHERLA ARAVIND	8333960666		G BHAGYA SREE	9441125406
26SIS0128	YENAKATHALA PRASANNA	Girl	Grade 5	YENAKATHALA RAJENDRA PRASAD	9866283955	rajendraprasad466@gmail.com	YENAKATHALA RADHIKA	9676883467	rajendraprasad466@gmail.com
26SIS0160	MANGALI SUJAY	Boy	Grade 5	M RAVI	9603094567		M SHRAVANI	7013155887
26SIS0189	BADAVATH RANADHEER	Boy	Grade 5	BADAVATH GANDHI NAIK	9177229234		MEGHAVATH ANITHA	9573923492
26SIS0206	MANNEPALLI BHAVIN SIVA SRINIVAS	Boy	Grade 5	MANNEPALLI KOTESWARARAO	9493054905		SRUJANA	8008928787
26SIS0004	SHAMSHABAD ARU SRI	Girl	Grade 6	SHAMSHABAD VIKRAM KUMAR	9640176403	rajushams9987@gmail.com	SHAMSHABAD RAJITHA	9640935806
26SIS0013	ISHITA SHANTANU DESHPANDE	Girl	Grade 6	SHANTANU DESHPANDE	7822096437	shantanudeshpande2003@gmail.com	RASHMI SHANTANU DESHPANDE	9561932013	rashmi.mahatpurikar@gmail.com
26SIS0071	RITIKA SHARMA	Girl	Grade 6	RAHUL SHARMA	7568694146		ARTI SHARMA	8058842034
26SIS0095	SRIVANDLA JALENDHAR NATH	Boy	Grade 6	SANDEEP KUMAR SRIVANDALA	9000008464
26SIS0102	AINAMPUDI KOTI RUDRA	Boy	Grade 6	AINAMPUDI SUDHAKAR	7729080999		RAJANI ETTHADI	9440032426
26SIS0109	SONTEPU NIHANTH	Boy	Grade 6	SONTEPU NAGESH KUMAR	9966438274		YERRAGOLLA GEETHANJALI	9603590344
26SIS0114	SUDHAGANI SWEEKRUTHI	Girl	Grade 6	SUDHAGANI PRAVEEN KUMAR	9951590703		SUDHAGANI SWATHI	9154478429
26SIS0131	TENUGU PRANAVI	Girl	Grade 6	TENUGU RAMESH	9291535288	ramesh.tenugu@gmail.com	TENUGU KALPANA	6281059411	kalpana.tenugu@gmail.com
26SIS0133	YAKSHITH GUPTA	Boy	Grade 6	ASHWANI GUPTA	7799688730		PAYAL GUPTA	8639198378
26SIS0135	JOGA BHAVYA SREE	Girl	Grade 6	JOGA NARSING RAO	9492387148	narasingaraojoga@gmail.com	JOGA ASHA	8985869482
26SIS0148	ANSH KUMAR KHOBBANBHAT	Boy	Grade 6	ASHWIN KUMAR KHOBBANBHAT	9030519991	kashwin8@gmail.com	SHRADDHA KHOBBANBHAT	9000015342
26SIS0149	NIZAMPURAM VENKAT RUDRA	Boy	Grade 6	NIZAMPURAM NAVEEN KUMAR	7989870392		NIZAMPURAM VEENA	8501853250
26SIS0158	ANKENAPALLY CHAITHRA	Girl	Grade 6	ANKENAPALLY SATISH KUMAR	9441542695	satishankenapally@gmail.com	ANKENAPALLY VIJAYA LAXMI	8106244488
26SIS0167	RAMDAS VARNIKA	Girl	Grade 6	RAMDAS SIRENDER	6301976635	sandhyaranikaki7@gmail.com	KAKI SANDHYA RANI	6301976635	sandhyaranikaki7@gmail.com
26SIS0177	MOHAMMED ALI SAHVI	Boy	Grade 6	AHMED ALI SUMAIR	7506477882	ahmed@sahvia.com	OMMEHANI BEGUM	8096657071
26SIS0181	AYESHA MEHWISH	Girl	Grade 6	MOHAMMED DILEEP PASHA	9395370622	pashapainters@gmail.com	JABEEN SULTANA	9505740400
26SIS0190	PMS JAYANTH KUMAR	Boy	Grade 6	P RAVINDER	9030422425	ravindra0462@gmail.com	B RATNAMALA	8374167134	ravindra0462@gmail.com
26SIS0197	AKKALA LOHITH	Boy	Grade 6	NAGARAJU	9966885079	laddu.12a@gmail.com	PREETHI USHA	9866345079	nagarajpreethy@gmail.com
26SIS0201	JADCHERLA DHRUVAN KRISHNA	Boy	Grade 6	JADCHERLA VAMSHI KRISHNA	8886451117		BONDILI HARSHA	7893370880	harshaja09@gmail.com
26SIS0226	BANTARAM ADHYA	Girl	Grade 6	BANTARAM VEERENDAR KUMAR	9885673564		BANTARAM ABHINAVATHA	8523840630
26SIS0233	SAIDAPETA MANYATHA PRANAM	Girl	Grade 6	S PRANAM	7799899990	pranamk96@gmail.com	SAIDAPETA DAISY	9848595204	daisysridevi@gmail.com
26SIS0001	MYLARAM RISHITH REDDY	Boy	Grade 7	MYLARAM VASUDEVA REDDY	9393949229	vasu99deva@gmail.com	MYLARAM SWAPNA	8099697199
26SIS0003	SHAMSHABAD AKSHAY	Boy	Grade 7	SHAMSHABAD RAGHAVENDER	9505108712	rajushams9987@gmail.com	SHAMSHABAD LAVANYA	9603880363
26SIS0027	SUMITH BG	Boy	Grade 7	GANESH KUMAR	9632701144	sowmya.bantwal@gmail.com	SOWMYA J	8999637298
26SIS0029	ALLI AKSHAJ MANIK	Boy	Grade 7	ALLI CHANDRA SHEKAR	9505788711		ALLI SRI LATHA	9949866987
26SIS0065	K KRITHVIK ANIRUDH	Boy	Grade 7	K SUDHEER	8008289567	SUDHEER.KAMANA@GMAIL.COM	K DEEPTHI SARIKA	9652302929
26SIS0076	KOPPERI VEDASREE	Girl	Grade 7	KOPPERI UMAMAHESHWAR	7702270153		KOPPERI ROJA	8179054858
26SIS0084	MASHETTY AADVIKA	Girl	Grade 7	KIRAN KUMAR	9291499855		LAXMI	9849422423	laxmimatshetty7169@gmail.com
26SIS0103	AINAMPUDI SHIVA ARCHITA	Girl	Grade 7	AINAMPUDI SUDHAKAR	7729080999		RAJANI ETTHADI	7729080999
26SIS0107	BEGARI YASASCHANDRA	Boy	Grade 7	BEGARI LINGAMAIAH	9949176108	abc@gmail.com	RELANGI BASANTHI	9848604215
26SIS0113	GOVIND SUKRITH	Boy	Grade 7	GOVIND RAJESH KUMAR	9030191309		TEKULA RADHIKA	7207135125	radhe.shilu@gmail.com
26SIS0120	POCHARAM SAI DEVA HARSHA	Boy	Grade 7	POCHARAM NARSIMULU	9491177785		POCHARAM ANITHA	9666544153
26SIS0122	KOLUKUNDA ANIRUDH	Boy	Grade 7	KOLUKUNDA MALLESHAM	9912220304
26SIS0139	VADLA SHIVATEJA	Boy	Grade 7	CHAKRAPANI CHARY VADLA	8143331071	chakri08456@gmail.com	VADLA BHAGYA	9182609840	bhagyavadla727@gmail.com
26SIS0150	M ABHIRAM	Boy	Grade 7	M Naresh	9951000603		M Swathi	7989870392
26SIS0151	MADAASU ABHIRAM	Boy	Grade 7	M Naresh	9951000603		M Swathi	7989100048
26SIS0169	KUMPATLA MANVITHA RAJSHRI GOPIKA	Girl	Grade 7	KUMPATLA RAMA CHANDRARAO	9866049402		KUMPATLA RAMYA	7337546497
26SIS0173	KAWLE SIDDHARTH	Boy	Grade 7	KAWLE SURYAKANTH	8074582048		KAWLE RESHMA	9963556396
26SIS0178	MOHAMMED ALI TAHSIN	Boy	Grade 7	AHMED ALI SUMAIR	7506477882	ahmed@sahvia.com	OMMEHANI BEGUM	8096657071
26SIS0184	KUNTI SRIJA	Girl	Grade 7	KUNTI DEVAIAH	9493524635	Day Scholar	KUNTI KRISHNAVENI	8247480639
26SIS0188	BADAVATH SAANVIKA	Girl	Grade 7	BADAVATH GANDHI NAIK	9177229234	raghu5nayak5@gmail.com	MEGAVATH ANITHA	9573923492	raghu5nayak5@gmail.com
26SIS0195	CHALLA RUSHIKA	Girl	Grade 7	CHALLA PRABHAKAR REDDY	9640449094	prabhaker.ch@gmail.com	CHALLA NIROSHA	9346316698	prabhaker.ch@gmail.com
26SIS0207	BANDLAMUDI DHANVI	Girl	Grade 7	BANDLAMUDI HARI KRISHNA	8008238882	hari2share@gmail.com	MANDA SWATHI	7406055246	nandana.swathi@gmail.com
26SIS0002	MYLARAM SUPREETH REDDY	Boy	Grade 8	MYLARAM VASUDEVA REDDY	9393949229	vasu99deva@gmail.com	MYLARAM SWAPNA	8099697199
26SIS0044	MOKARAM JOHN SUHAS	Boy	Grade 8	M SUDHAKAR	9676306512		D PRAVEENA	7893061075
26SIS0079	SRIRAM VIGNAJIT	Boy	Grade 8	SRIRAM REJESHWAR	9440494712	sriramrajesh2011@gmail.com	SRIRAM MANASA	9494168919	manasasriram1990@gmail.com
26SIS0080	SAHARSH GOUD SHEKKARI	Boy	Grade 8	SRINIVAS GOUD SHEKKARI	9949119909	cnugoud@gmail.com	NEELAMBARI SHEKKARI	9949490886	neelushekkari@gmail.com
26SIS0126	DABBANI HANNA GRACE	Girl	Grade 8	SRIKANTH	8688141495		SWAPNA	6303725917
26SIS0166	MOHAMMAD OMER FAROOQ HUSSAIN	Boy	Grade 8	ALI AZGER HUSSAIN	9885185093		SAMEENA BEGUM	8074730940
26SIS0174	KATAKAM VRITHIKA	Girl	Grade 8	KATKAM NAVEEN	9440932919	katkam.naveen@gmail.com	KATKAM VYSHNAVI	9515695542
26SIS0175	KATAKAM VRISHAB	Boy	Grade 8	KATAKAM NAVEEN KUMAR	9440932919	katkam.naveen@gmail.com	KATKAM VYSHNAVI	9515695542
26SIS0198	AKKALA SAI HARSHITH	Boy	Grade 8	AKKALA NAGARAJU	9966885079	laddu.12a@gmail.com	I PREETHI USHA	9948863309	nagarajpreethy@gmail.com
26SIS0208	DAIWIK V SHETTY	Boy	Grade 8	VIJAY KARUNAKAR SHETTY	9632687668	kvijayprasad@gmail.com	VIDYA VIJAY		viduteja1989@gmail.com
26SIS0210	VARSHINI GUNDA	Girl	Grade 8	HARISH	8790798400	g2.harish@gmail.com	RAJANI	9581316120
26SIS0219	YERUBANDI AASRITHA VISHNUPRIYA	Girl	Grade 8	YERUBANDI SUKUBABU	6302712445	pravathidurga.456@gmail.com	DHIVVI DURGA PARVATHI	8639638558
26SIS0165	RAMDAS SHARATH CHANDHRA	Boy	Grade 9	RAMDAS SIRENDER	6301976635	sandhyaranikaki7@gmail.com	KAKI SANDHYA RANI	6301976635	sandhyaranikaki7@gmail.com
26SIS0183	KUNTI ABHINAY KUMAR	Boy	Grade 9	KUNTI DEVAIAH	9493524635	Day Scholar	KUNTI KRISHNAVENI	8247480639
26SIS0192	MYATHARI ANKITHA	GIRL	Grade 9	MYATHARI RAVI KUMAR	9347833757	mravikumarravikumar14@gmail.com	MYATHARI ANITHA	8688931625	mravikumarravikumar14@gmail.com
26SIS0017	POTTABATHINI SAANVIKA	Girl	Nursary	GANGADHAR	9885702316	gangadhar8605@gmail.com	ANUSHA	9604391043	gangadhar8605@gmail.con
26SIS0019	GOUNDLA YUVAN	Boy	Nursary	GOUNDLA ARUN KUMAR	7738383399	goundla.arun@gmail.com	GOUNDLA HIMABINDU	9441958329	iam.dr.himabindu@gmail.com
26SIS0020	YASHVAN GOUNDLA	Boy	Nursary	GOUNDLA ARUN KUMAR	7738383399	goundla.arun@gmail.com	GOUNDLA HIMABINDU	9441958329	iam.dr.himabindu@gmail.com
26SIS0031	CHERAKA RUDHVI SREE	Girl	Nursary	CHERAKA NATRAJ	8985559896	natrajcheraka@gmail.com	KEERTHIKA GURRAM	9492970515	keerthikagurram4@gmail.com
26SIS0033	MANNE SINORA RAO	Girl	Nursary	MANNE CHAITHANYA RAO	9440273268	raochetanchetan@gmail.com	BEGARI SUJANA	7095993607
26SIS0035	GORUGANTI SNIGDHA	Girl	Nursary	GORUGANTI GOURISH	9989482636	gourish0109@gmail.com	GORUGANTI PREETHI	9618581915
26SIS0038	ANVIKA DATTATREY	Girl	Nursary	DATTATREY CHOPADE	9860658589		CHHAYA CHOPADE	7219254858
26SIS0046	THAKUR NARSINGH	Boy	Nursary	THAKUR HARI SINGH	9618770407	thakurharisingh9@gmail.com	MAYURI	9618770407
26SIS0072	AMAIRA SAURABH KUMAR	Girl	Nursary	SAURABH KUMAR	7045569295	skdennish835@gmail.com	MEENA MOHAN GAWLI	7208323525	meena05289@gmail.com
26SIS0081	MOHAMMED AZAAN	Boy	Nursary	KHALEEMODDIN	7093786930	kaleemoddin22@gmail.com	TABASSUM BEGUM	7093924533	tabassumkaleem25@gmail.com
26SIS0096	THUMMALA NATHAN CALEB	Boy	Nursary	THUMMALA STEPHEN ISAIAH	9052078007	stephen.isaiah007@gmail.com	DAPPU VARSHINI	9000186074	dappuvarshini@gmail.com
26SIS0127	Hriday Das	Boy	Nursary	SShirshendu Das	9435277250	shirshendu.3it@gmail.com	Dipika Deb	9435875127	dipika131991@gmail.com
26SIS0144	PILLIGUNDLA SAHANA GOUD	Girl	Nursary	PILLIGUNDLA VIJAYA BHASKAR	9248882444	harikafillingstation@gmail.com	PILLIGUNDLA BHAGYA	9110334546
26SIS0162	HANVITH MOTHKUR	Boy	Nursary	KARTHIK MOTHKUR	9966666741	mothkurkarthik@gmail.com	HIMABINDU VASIMALLA	9642940104	bindumothkur@gmail.com
26SIS0209	NAKKA SAHARSH GOUD	Boy	Nursary	NAKKA SANKEERTH GOUD	9030775907			9390468200
26SIS0214	SYEDA AYESHA ANAM	Girl	Nursary	SYED MOHSEEM AHMED	9640992142	fatmamohseem07@gmail.com	FARHEEN FATMA	9010217867	mohseem_sma@rediffmail.com
26SIS0218	GADDAM REYANSH	Boy	Nursary	GADDAM SHAMEL	9505332168		GADDAM BHAVANI	7386403278	samelsiddu@gmail.com
26SIS0222	PATLOLLA VAMIKA REDDY	Girl	Nursary	PATLOLLA VIDYA CHARAN REDDY	8977143175
26SIS0228	PEDDAGOLLA AARUSH	Boy	Nursary	PEDDAGOLLA SANGAMESHWAR	8247511540		D SANGEETHA	7674883799
26SIS0232	AADISHRI KHARE	Girl	Nursary	SHIVANSHU KHARE	8821853042		RITU	9140541917
26SIS0021	POTARAJU SHANVIKA	Girl	LKG	SHARATH	8019702436	sharathchowdari@gmail.com	K DIVYA	7416902436	kadametladivya@gmail.com
26SIS0034	BEGARI EVAN MOSES PAUL	Boy	LKG	BEGARI SAMPATH KUMAR	9866777039	shinysam121@gmail.com	GAYISANI MOUNIKA	8179355778
26SIS0036	GADDAMEEDI UMAIZA MARIYAM	Girl	LKG	GADDAMEEDI LATIF	7660083218		GADDAMEEDI NUSRATH	6303255233
26SIS0039	REPALLE MIHIRA SRIMAYI	Girl	LKG	REPALLE SHESHASAI KUMAR	9848035552		ADAVELLI PRATHYUSHA	8790252369
26SIS0041	ALLURI CHANAKYA SRI	Boy	LKG	ALLURI RAMESH	7569772212	alluriramesh09@gmail.com	ALLURI APARNA	7569772212	talariaparna236@gmail.com
26SIS0047	GANDAM SAMVEDHYA	Girl	LKG	GANDAM SANDEEP KUMAR	9030431501		BESTHA MANJULA	9866722098
26SIS0051	MADAPATHI NISHIKESH	Boy	LKG	MADAPATHI RAVI SHANKAR	9052972005	ravi4isu@gmail.com	BASWAPURAM SWETHA	9642893380	reachswetha90@gmail.com
26SIS0077	KOPEERI VISHWAK SENA ADITYA	Boy	LKG	KOPPERI UMAMAHESHWAR	7702270153		KOPPERI ROJA	8179054858
26SIS0087	ALAN JONATHAN P	Boy	LKG	POYYAMOZHI J	9789403121	poyyamozhivc7@gmail.com	VICHITHRA T	9566458088	vichithrajoel@gmail.com
26SIS0145	LADE MOKSHITH	Boy	LKG	LADE MALLESHAM	9985311254		LADE SHIRISHA	7674923254
26SIS0154	KUMMARI TEJASWINI	Girl	LKG	KUMMARI SRISAILAM	9948355322		KUMMARI SUJATHA	6281173566
26SIS0163	KOTAMULA VIHAAN	Boy	LKG	KOTAMULA PRASAD	9603296514	darlingprasad1921@gmail.com	GOURELLY ANUSHA	9398128474	anushagourelly121@gmail.com
26SIS0196	CHITTLA ARYANSH	Boy	LKG	CHITTLA SRAVAN	9014370044	sravan.chitla99@gmail.com	GANTA SREEJA	9866345079	sreeja.srinivas55@gmail.com
26SIS0202	KONKATI REYANSH NANDA	Boy	LKG	KONKATI ANIL	8074557324	sahooanil723@gmail.com	KONKATI PRATHYUSHA	7382745144	sahooanil723@gmail.com
26SIS0217	MASANAM VIKRAM ISHAAN	Boy	LKG	RAVI	9676007004		MOUNIKA	9110316860	mounikaravimasanam@gmail.com
26SIS0221	PATLOLLA KRITHIKA REDDY	Girl	LKG	PATLOLLA VIDYA CHARAN REDDY	8977143175	voonbaiakhila@gmail.com	VOONBAI AKHILA	7981201080	vidyacharanreddypatlolla@gmail.com
26SIS0223	SHAIK MANHA ASMA	Girl	LKG	SHAIK FAZULULLAH	9949979447	drdilshadrana20@gmail.com	DILSHAD RANA	8520913480	skfazul@gmail.com
26SIS0016	DHANNARAM VEDANSH REDDY	Boy	UKG	DHANNARAM SUDHAKAR REDDY	9000833522	sudhakarreddy1825@gmail.com	DHANNARAM JYOSHNA	6304944386	jyothsnareddy1825@gmail.com
26SIS0018	PULMAMIDI HITHANSHI REDDY	Boy	UKG	MADHUSUDHAN REDDY	6301068484	pmreddys777@gmail.com	HEMALATHA	9177319218	hemareddy1213@gmail.com
26SIS0025	NAGADAPALLY SNITHI REDDY	Girl	UKG	NAGADAPALLY MAHESWARA REDDY	8019998799	maheshwarreddy.n@gmail.com	NAGADAPALLY SHRIDEVI	8830505015	reddyshreemaheshwar@gmail.com
26SIS0052	KONGUTTE AATREYA	Boy	UKG	KONGUTTE SHIVAKUMAR	9533235080	s.kongutte@yahoo.co.in	KONGUTTE VACHANASHRI	9989166626	shreeshwa24@gmail.com
26SIS0054	SHAMSHABAD SHRIMAN	Boy	UKG	SHAMSHABAD VIKRAM KUMAR	9640176403	shamshabadvikram10@gmail.com	SHAMSHABAD RAJITHA	9640935806
26SIS0055	RIYANSH SWAPNIL BHOITE	Boy	UKG	SWAPNIL SHIVAJI BHOITE	9405866200	swapsbhoite777@gmail.com	PRIYANKA SWAPNIL BHOITE	7225905752	priyankabhoite0314@gmail.com
26SIS0057	SURARAM DHRITI REDDY	Girl	UKG	SURARAM CHANNA REDDY	9581320333	channareddy45@gmail.com	JANAMOLLA ARCHANA	9492320333	reddy.archana31@gmail.com
26SIS0059	INAYA KAMIL	Girl	UKG	KHONDAKAR KAMIL REZA	9891979373	kamilreza@gmail.com	ANDLEEB KHAN	9536677151	1994seharkhan@gmail.com
26SIS0066	BONDILI AADHYA	Girl	UKG	BONDILI ANIL SINGH	7981304877	anilsinghbondili123@gmail.com	BONDILI SAI SANDHYA	9347367732	sandhyasai845@gmail.com
26SIS0092	GOGULA BHARGAVA RAMA	Boy	UKG	GOGULA RAVI TEJA	9035199343	ravitejagogula@gmail.com	NAGAMALLA SHRAVANI	9703775148
26SIS0123	INAYA KAUSHAR	Girl	UKG	MOHAMMED SHAHBAZ MAHMOOD	7036603737	shahbazmahamood.analyst@gmail.com	SANOVIYA NAJILA	7036603737
26SIS0138	TEKULA DEVANSH	Boy	UKG	MUNIMAKULA TILAK	6399470480		TEKULA SHRAVANTHI	8555898276
26SIS0153	VADLA SANVIKA	Girl	UKG	VADLA RAMDAS	9676655642	ramdasvvvvv@gmail.com	VADLA SANDHYA
26SIS0161	KOTAMULA HAYAANSH	Boy	UKG	KOTAMULA PRASAD	9603296514	darlingprasad1921@gmail.com	GOURELLY ANUSHA	9398128474	anushagourelly121@gmail.com
26SIS0172	VEMAGIRI VISHANTH KARTHIKEYA	Boy	UKG	VIJAY V	9553841105	vemagira.kanna24245@gmail.com	APARANJITHA	6305220371
26SIS0185	HARSHA VARDHAN	Boy	UKG	ANNASARAM VIGNESH	9550497782	Day Scholar	LINGANAPALLI ANJALI
26SIS0187	SHIVAGOUNI RIDHANSH	Boy	UKG	SHIVAGOUNI SREENIVAS	8008844664	sanamsupraja123@gmail.com	SANAM MONIKA	9603549915	sanamsupraja123@gmail.com
26SIS0200	GOVARDHAN ARYA VARDHAN	Boy	UKG	GOVARDHAN SRI HARSHA VARDHAN	9505610476	sriharshavardhan.iith@gmail.com	DEEPALI PATHAK	8886451117	dpdeepalipathak5@gmail.com
26SIS0204	PEDDALACHUGARI RANAV RAJ	Boy	UKG	PEDDALACHUGARI RAKESH	9573730628	raki.rakesh93@gmail.com	GADDAM PRAMIDA	8186024437	raki.rakesh93@gmail.com
26SIS0205	GREESHMA SAI MANNEPALLI	Boy	UKG	KOTESWARARAO MANEEPALLI	9493054905	kotirao813@gmail.com	SRUJANA MANEEPALLI	8186024437
26SIS0220	SHAIK HASAN	Boy	UKG	SHAIK FAZULULLAH	9949979447	drdilshadrana20@gmail.com	DILSHAD RANA	8520913480	skfazul@gmail.com
