school_name,enrollment_number,student_name,grade,section,login_mobile,link_phones,mcb_father_name,mcb_father_phone,mcb_mother_name,mcb_mother_phone,mismatch_kinds
St. ANDREWS HIGH SCHOOL SUCHITRA,26BP0867,Varsha Pothakamuri,Grade 4,New Admission,8519812932,Father 8519812932; Father 8309884287; Father 8985543525,Pothakamuri Nageswara,8985543525,Chappidi Bhargavi,8519812932,link_not_in_mcb
Winmore Academy Jakkur,23WMJK0209,BHARGAV NAIK,Grade 5,B,7349498607,Mother 7349498607; Father 8792396104,GOVIND NAIK,8792396104,USHA,8792396104,"login_not_in_mcb,link_not_in_mcb"
Winmore Academy Jakkur,25WMJK0113,DHAIVIK PUNDE,Grade 2,B,9407255709,Father 9407255709; Father 9407255800; Mother 7898228017,LALIT PUNDE ,9407255800,INDUMATI PUNDE,7898228017,"login_not_in_mcb,link_not_in_mcb"
Winmore Academy Jakkur,26WMJK0175,ARNAV AGRAJ MANDAL,Grade 1,B,7019484067,Father 7019484067; Father 9313664507,AGRAJ KUMAR,9313664507,AMRITA RAY,9313664507,"login_not_in_mcb,link_not_in_mcb"
Winmore Academy Jakkur,26WMJK0176,ADVAIT AGRAJ KUMAR,LKG,B,9880763220,Father 9880763220; Father 9313664507,AGRAJ KUMAR,9313664507,AMRITA RAY,9313664507,"login_not_in_mcb,link_not_in_mcb"
Winmore Academy Jakkur,26WMJK0179,SANKEERTH S K,Grade 1,B,7411645629,Father 7411645629; Father 9964565270; Mother 9606399270,SANTHOSH KUMAR ,9964565270,Keerthi V,9606399270,"login_not_in_mcb,link_not_in_mcb"
Winmore Academy Jakkur,26WMJK0180,SHAMBHAWI PANDEY,Grade 1,A,9448783053,Father 9448783053; Father 7411645629; Mother 8102024351,AMIT KUMAR PANDEY,7411645629,SHILPA KUMARI,8102024351,"login_not_in_mcb,link_not_in_mcb"
Winmore Academy Jakkur,26WMJK0181,V P DEEKSHIT KUMAR,Grade 7,New Admission,9972733665,9972733665; Father 9448783053; Mother 9620713818,K VIJAYAKUMAR,9448783053,V PILOMINA,9620713818,"login_not_in_mcb,link_not_in_mcb"
Winmore Academy Jakkur,26WMJK0205,Jaideep Venkatramaraj.G.N,Grade 11,New Admission,9341228077,Father 9341228077; Father 9341228168; Mother 8105800710,Dr.B.Nagraju,9341228168,Padmavati,8105800710,"login_not_in_mcb,link_not_in_mcb"
