order_number,gateway_order_id
SAL-ORD-2026-00122,SO17704373157241ac
SAL-ORD-2026-00129,SO1770448834f570f1
SAL-ORD-2026-00130,SO1770451612f90cbb
SAL-ORD-2026-00154,SO17704635031444b3
SAL-ORD-2026-00382,SO17708748417a38b2
SAL-ORD-2026-01065,SO1771654334ec225f
SAL-ORD-2026-01137-1,SO177175844993ba62
SAL-ORD-2026-01372,SO17718463638af429
SAL-ORD-2026-01504,SO17719040566ab1d8
SAL-ORD-2026-01604,SO177192067548cfa3
SAL-ORD-2026-01656,SO1771933340508ebb
SAL-ORD-2026-01668,SO1771936979a94517
SAL-ORD-2026-01672,SO1771939114c73644
SAL-ORD-2026-01684,SO1771945758b37bd2
SAL-ORD-2026-01533,SO17719093351d5484
SAL-ORD-2026-01998,SO1772089118dcdca5
SAL-ORD-2026-02009,SO1772096037281059
SAL-ORD-2026-02209,SO17721959737f8bd5
SAL-ORD-2026-02349,SO1772269577271bb8
SAL-ORD-2026-02359,SO1772271376dd12cc
SAL-ORD-2026-02362,SO17722717722216b4
SAL-ORD-2026-02364,SO17722724917c44d4
SAL-ORD-2026-02380,SO1772282133077161
SAL-ORD-2026-02442,SO1772301501d2b7bc
SAL-ORD-2026-02485,SO1772344836d12fdc
SAL-ORD-2026-02500,SO1772347204b4bc3e
SAL-ORD-2026-02501,SO1772347391a27cc0
SAL-ORD-2026-02512,SO1772349500eea068
SAL-ORD-2026-02521,SO177234990421cdf5
SAL-ORD-2026-02524,SO1772350940fd03a2
SAL-ORD-2026-02572,SO1772362610f850b0
SAL-ORD-2026-02587,SO177236705538aee4
SAL-ORD-2026-02628,SO177237550060bf86
SAL-ORD-2026-02691,SO1772423520359f2b
SAL-ORD-2026-02695,SO17724249992fb8fc
SAL-ORD-2026-02910,SO1772522190c0cfc9
SAL-ORD-2026-02926,SO1772528395e5d18f
SAL-ORD-2026-02934,SO17725338578535c3
SAL-ORD-2026-02938,SO177253553857c041
SAL-ORD-2026-02976,SO1772555955be0a65
SAL-ORD-2026-03022-1,SO17726057570916b5
SAL-ORD-2026-03039,SO1772625464a3e31c
SAL-ORD-2026-03055,SO177263699020240b
SAL-ORD-2026-03060,SO177264113989b801
SAL-ORD-2026-03073,SO177264929705d0c8
SAL-ORD-2026-03083,SO1772680390e79a97
SAL-ORD-2026-03088,SO17726821021a9531
SAL-ORD-2026-03106,SO1772694379400f00
SAL-ORD-2026-03132,SO1772705547127ac5
SAL-ORD-2026-03134,SO1772707368dcb8f5
SAL-ORD-2026-03204,SO1772733508420ff4
SAL-ORD-2026-03226,SO1772765340ebaa83
SAL-ORD-2026-03237,SO1772768925a378f2
SAL-ORD-2026-03244,SO177277075679f00b
SAL-ORD-2026-03284,SO17727892539d58dd
SAL-ORD-2026-03369,SO177286640746fbd9
SAL-ORD-2026-03397,SO1772887698d1dd64
SAL-ORD-2026-04255,SO17736777583e713c
SAL-ORD-2026-04351,SO17737635384d3e49
SAL-ORD-2026-04574,SO1773993259527cd9
SAL-ORD-2026-04847,SO17740092446e67cc
SAL-ORD-2026-04948,SO177401474751a9e5
SAL-ORD-2026-05129,SO1774025636d9ce14
SAL-ORD-2026-05334,SO17740641184bd7ab
SAL-ORD-2026-08477,SO1774526931fb6dce
SAL-ORD-2026-08793,SO1774579553ad5473
SAL-ORD-2026-08794,SO17745795615d058e
SAL-ORD-2026-09551,SO1774642129905abe
SAL-ORD-2026-09554,SO1774643392e54b99
SAL-ORD-2026-09898,SO17746840158369d7
SAL-ORD-2026-09959,SO17746875757c03da
SAL-ORD-2026-10018,SO1774692173315479
SAL-ORD-2026-10239,SO1774710927bd6f2d
SAL-ORD-2026-10481,SO177476171760d7ed
SAL-ORD-2026-10503,SO1774763381d9e6ce
SAL-ORD-2026-10652,SO1774775840e4e878
SAL-ORD-2026-10936,SO177480138799fa57
SAL-ORD-2026-11553,SO17748720117a9726
SAL-ORD-2026-11072,SO177484362400b826
SAL-ORD-2026-11214,SO1774851247945aa7
SAL-ORD-2026-11691,SO1774883081a1c408
SAL-ORD-2026-11991,SO177493090138214b
SAL-ORD-2026-12050,SO177493442813997b
SAL-ORD-2026-13110,SO177502904361ba84
SAL-ORD-2026-13942,SO17751122131aca25
SAL-ORD-2026-15271,SO177528139650456b
SAL-ORD-2026-15777,SO17753156379d80e3
SAL-ORD-2026-18522,SO177566064074cfca
SAL-ORD-2026-18888,SO1775726024a40a7d
SAL-ORD-2026-23106,SO177728090411d077
SAL-ORD-2026-23693,SO177787233946b0ae
SAL-ORD-2026-23711,SO1777884808b43093
SAL-ORD-2026-23717,SO177788740755f6ec
SAL-ORD-2026-23742,SO1777964562e65331
SAL-ORD-2026-23774,SO1777974344965f98
SAL-ORD-2026-23823,SO1777988153d43835
SAL-ORD-2026-23843,SO1777992450ec864c
SAL-ORD-2026-23874,SO177800156840e50b
SAL-ORD-2026-23873,SO177800156840e50b
SAL-ORD-2026-23929,SO1778047307213d7b
SAL-ORD-2026-23947,SO177804950126a281
SAL-ORD-2026-23951,SO17780500359ae1bf
SAL-ORD-2026-23954,SO17780506759c2a4b
SAL-ORD-2026-23967,SO1778052209f67152
SAL-ORD-2026-24049,SO1778073563fce827
SAL-ORD-2026-24064,SO17780852267617a4
SAL-ORD-2026-24099,SO17781226551d5a7a
SAL-ORD-2026-24104,SO1778127623fc40db
SAL-ORD-2026-24105,SO17781278449eb42a
SAL-ORD-2026-24121,SO1778131991d452da
SAL-ORD-2026-24152,SO17781392937de255
SAL-ORD-2026-24194,SO17781479509646d4
SAL-ORD-2026-24209,SO1778152296765790
SAL-ORD-2026-24250,SO1778158036632032
SAL-ORD-2026-24255,SO1778160496d06114
SAL-ORD-2026-24260,SO1778162053a89ac0
SAL-ORD-2026-24270,SO1778164570028b4a
SAL-ORD-2026-24269,SO1778164570028b4a
SAL-ORD-2026-24293,SO1778172483be1d55
SAL-ORD-2026-24308,SO1778174551fa9a87
SAL-ORD-2026-24339,SO1778209174934b89
SAL-ORD-2026-24338,SO1778209174934b89
SAL-ORD-2026-24342,SO1778209283e2f15c
SAL-ORD-2026-24347,SO1778212672da2f5c
SAL-ORD-2026-24346,SO1778212672da2f5c
SAL-ORD-2026-24371,SO1778218513af6c92
SAL-ORD-2026-24390,SO1778219103f9f183
SAL-ORD-2026-24389,SO1778219103f9f183
SAL-ORD-2026-24406,SO177822094049477b
SAL-ORD-2026-24405,SO177822094049477b
SAL-ORD-2026-24413,SO17782220060e4e3b
SAL-ORD-2026-24447,SO17782255640e955c
SAL-ORD-2026-24459,SO1778228073cb1e25
SAL-ORD-2026-24469,SO1778230261785b19
SAL-ORD-2026-24470,SO177823072911b4e1
SAL-ORD-2026-24533,SO17782541560630a3
SAL-ORD-2026-24545,SO17782563977f993b
SAL-ORD-2026-24547,SO1778257822b35f8c
SAL-ORD-2026-24555,SO17782602209e84ee
SAL-ORD-2026-24572,SO1778291404a8d893
SAL-ORD-2026-24580,SO17782993415f5390
SAL-ORD-2026-24581,SO17782994812bcda7
SAL-ORD-2026-24593,SO17783025830d877b
SAL-ORD-2026-24599,SO17783028852834f4
SAL-ORD-2026-24610,SO1778304806e976ac
SAL-ORD-2026-24613,SO17783050942f2b45
SAL-ORD-2026-24648,SO1778310318e1d148
SAL-ORD-2026-24650,SO17783108449f96c0
SAL-ORD-2026-24652,SO1778311223055a55
SAL-ORD-2026-24658,SO1778311823101e4d
SAL-ORD-2026-24659,SO17783118309b0ecd
SAL-ORD-2026-24668,SO1778313387524e49
SAL-ORD-2026-24685,SO1778314727fe7f28
SAL-ORD-2026-24803,SO177833223214f967
SAL-ORD-2026-24816,SO17783343191491c8
SAL-ORD-2026-24837,SO177833592404577c
SAL-ORD-2026-24844,SO1778337133f51d93
SAL-ORD-2026-24866,SO17783398470a8c88
SAL-ORD-2026-24871,SO1778340117e5e9b4
SAL-ORD-2026-24870,SO1778340117e5e9b4
SAL-ORD-2026-24872,SO1778340133d0c7b0
SAL-ORD-2026-24903,SO177834269679c2fe
SAL-ORD-2026-24906,SO1778343024d794d4
SAL-ORD-2026-24989,SO17783442298d4a6e
SAL-ORD-2026-24995,SO17783448107ff87b
SAL-ORD-2026-25019,SO1778346813c4b40a
SAL-ORD-2026-25033,SO1778349812bd9a7d
SAL-ORD-2026-25050,SO177835350830c7e5
SAL-ORD-2026-25054,SO177835759805e7de
SAL-ORD-2026-25059,SO17783788685ef764
SAL-ORD-2026-25091,SO17783854576ce5d5
SAL-ORD-2026-25099,SO177838669470f08d
SAL-ORD-2026-25122,SO177838936039da8f
SAL-ORD-2026-25145,SO17783916477d3935
SAL-ORD-2026-25154,SO1778391969a2413e
SAL-ORD-2026-25165,SO1778393204091460
SAL-ORD-2026-25227,SO1778397563fe4123
SAL-ORD-2026-25264,SO1778401352a40765
SAL-ORD-2026-25342,SO1778410321e63380
SAL-ORD-2026-25348,SO1778410694fc35fd
SAL-ORD-2026-25428,SO17784231714abef6
SAL-ORD-2026-25446,SO17784251613f0340
SAL-ORD-2026-25447,SO177842547848365b
SAL-ORD-2026-25505,SO1778436272eb720b
SAL-ORD-2026-25166,SO177839345363465e
SAL-ORD-2026-25524,SO1778472624b378b4
SAL-ORD-2026-25527,SO1778473568759de4
SAL-ORD-2026-25580,SO1778480842857bf4
SAL-ORD-2026-25583,SO177848116641584a
SAL-ORD-2026-25597,SO17784825723efafb
SAL-ORD-2026-25609,SO1778484233a48761
SAL-ORD-2026-25611,SO177848444314b67b
SAL-ORD-2026-25610,SO177848444314b67b
SAL-ORD-2026-25655,SO177848805158c5f4
SAL-ORD-2026-25666,SO1778488815cf4672
SAL-ORD-2026-25685,SO17784909280c5d2d
SAL-ORD-2026-25692,SO1778492024a1de51
SAL-ORD-2026-25697,SO17784939472c5d9c
SAL-ORD-2026-25701,SO17784943626c7e32
SAL-ORD-2026-25719,SO177849543242615e
SAL-ORD-2026-25749,SO17784986459be0ae
SAL-ORD-2026-25761,SO1778500077380ecd
SAL-ORD-2026-25807,SO177850993767e3b3
SAL-ORD-2026-25905,SO17785612483ce28a
SAL-ORD-2026-25909,SO177856181614f79b
SAL-ORD-2026-25913,SO1778562237238884
SAL-ORD-2026-25923,SO1778563820364921
SAL-ORD-2026-25990,SO1778580421a577d9
SAL-ORD-2026-26022,SO1778590113cb3a9c
SAL-ORD-2026-26025,SO1778591990bbe3a1
SAL-ORD-2026-26027,SO17785922538cbe21
SAL-ORD-2026-26026,SO17785922538cbe21
SAL-ORD-2026-26040,SO177860210786447c
SAL-ORD-2026-26055,SO177860758184cd09
SAL-ORD-2026-26081,SO177864453201bacb
SAL-ORD-2026-26109,SO177865441041546b
SAL-ORD-2026-26283,SO1778742643ae423e
SAL-ORD-2026-26295,SO1778746361aafef3
SAL-ORD-2026-26326,SO1778761550f11f6c
SAL-ORD-2026-26363,SO1778773190c86b8d
SAL-ORD-2026-26379,SO1778800710b5d935
SAL-ORD-2026-26403,SO1778823433694027
SAL-ORD-2026-26461,SO177883577403c083
SAL-ORD-2026-26470,SO177884214470d3fb
SAL-ORD-2026-26487,SO1778859486ba184d
SAL-ORD-2026-26512,SO177890297542a01c
SAL-ORD-2026-26526,SO1778907137c68c55
SAL-ORD-2026-26532,SO1778909106b215a0
SAL-ORD-2026-26531,SO1778909106b215a0
SAL-ORD-2026-26543,SO177891112407942f
SAL-ORD-2026-26551,SO177891276669f6c8
SAL-ORD-2026-26596,SO1778919868f90c4d
SAL-ORD-2026-26648,SO1778936893d3172b
SAL-ORD-2026-26671,SO17789646247472e8
SAL-ORD-2026-26670,SO17789646247472e8
SAL-ORD-2026-26683,SO1778994334c34673
SAL-ORD-2026-26684,SO1778994410618e8a
SAL-ORD-2026-26693,SO1778999807dfeec1
SAL-ORD-2026-26734,SO17790253225c652e
SAL-ORD-2026-26747,SO1779032292740bf9
SAL-ORD-2026-26757,SO1779044042eab900
SAL-ORD-2026-26772,SO1779079602121963
SAL-ORD-2026-26774,SO1779080967c38609
SAL-ORD-2026-26808,SO17790899352ced7e
SAL-ORD-2026-26812,SO1779091240b73d54
SAL-ORD-2026-26815,SO17790932890b80a7
SAL-ORD-2026-26832,SO1779094347da5f35
SAL-ORD-2026-26848,SO1779096292190b3e
SAL-ORD-2026-26876,SO1779100329ce2915
SAL-ORD-2026-26902,SO1779104147fa7a59
SAL-ORD-2026-26929,SO17791081238a7908
SAL-ORD-2026-26940,SO1779109232c09ff8
SAL-ORD-2026-26951,SO17791135603460bb
SAL-ORD-2026-26958,SO1779114152759742
SAL-ORD-2026-26976,SO177911776702d245
SAL-ORD-2026-26981,SO17791185093ea105
SAL-ORD-2026-26982,SO17791189785f5145
SAL-ORD-2026-26988,SO17791196054af0c1
SAL-ORD-2026-27003,SO1779123761a25149
SAL-ORD-2026-27028,SO1779128283b3f2e4
SAL-ORD-2026-27027,SO1779128283b3f2e4
SAL-ORD-2026-27068,SO1779169635bba86a
SAL-ORD-2026-27074,SO177917061556b7cf
